0,1,2,3,4,5,6,7,8,9
TF-value,TI-value,T-EV-value,conf,cred,p-TF,p-TI,T-EV,y-test,y-pred
FALSE,FALSE,FALSE,0.998,0.32,0.319833992,0.000864048,0.002406202,TF,0
FALSE,FALSE,FALSE,0.994,0.242,0.242766395,0.001820606,0.004920902,TF,0
FALSE,FALSE,FALSE,0.923,0.16,0.158500069,0.077432259,0.017136788,TF,0
FALSE,FALSE,FALSE,0.887,0.119,0.11420869,0.052327513,0.119582777,T-EV,2
FALSE,FALSE,FALSE,0.999,0.645,0.645347651,0.000737147,0.000414636,TF,0
FALSE,FALSE,TRUE,1,0.971,0.000398242,0.000341813,0.970855143,T-EV,2
FALSE,FALSE,FALSE,0.998,0.3,0.300251196,0.000486111,0.001951666,TF,0
FALSE,TRUE,FALSE,0.999,0.954,0.001527354,0.953385652,0.000561831,TI,1
FALSE,FALSE,FALSE,0.998,0.425,0.425314303,0.001339823,0.002198847,TF,0
FALSE,FALSE,FALSE,0.999,0.562,0.000525381,0.560528848,1.50E-05,TI,1
FALSE,FALSE,FALSE,0.934,0.176,0.175730542,0.065695232,0.044236823,TF,0
FALSE,FALSE,FALSE,0.987,0.231,0.231838528,0.003131216,0.012700546,TF,0
FALSE,FALSE,FALSE,0.968,0.208,0.208893542,0.003034832,0.031255293,TF,0
FALSE,FALSE,FALSE,1,0.871,0.856259507,0.000271251,0.000182273,TF,0
FALSE,FALSE,FALSE,0.929,0.166,0.166877124,0.011473646,0.069499145,TF,0
FALSE,FALSE,FALSE,0.889,0.125,0.112701134,0.126021366,0.060517057,TI,1
FALSE,FALSE,FALSE,0.999,0.823,0.823286035,0.000344409,0.000121661,TF,0
FALSE,FALSE,FALSE,0.93,0.166,0.166762784,0.011331622,0.070762636,TF,0
FALSE,FALSE,FALSE,0.909,0.136,0.089979165,0.136834407,0.048212801,TI,1
FALSE,FALSE,FALSE,0.999,0.851,0.893941927,4.50E-05,0.001130925,TF,0
FALSE,FALSE,FALSE,0.997,0.456,0.456294347,0.001291103,0.002513908,TF,0
FALSE,FALSE,FALSE,0.894,0.129,0.129853787,0.047844678,0.10510313,TF,0
FALSE,FALSE,FALSE,0.998,0.32,0.320055803,2.08E-05,0.001888238,TF,0
TRUE,FALSE,FALSE,0.999,0.932,0.930860605,0.001577914,0.000518382,TF,0
FALSE,FALSE,FALSE,0.999,0.912,0.886859802,0.000120764,0.000575778,TF,0
FALSE,FALSE,FALSE,0.999,0.484,0.483348854,0.001503123,0.000302704,TF,0
FALSE,FALSE,FALSE,0.998,0.44,0.440713741,0.000665685,0.002405886,TF,0
FALSE,FALSE,FALSE,0.916,0.146,0.1455265,0.031672714,0.084176455,TF,0
FALSE,FALSE,FALSE,0.999,0.533,0.538314554,0.001520763,0.000225919,TF,0
FALSE,FALSE,FALSE,0.999,0.778,0.778615857,0.001388183,0.001521557,TF,0
FALSE,FALSE,FALSE,0.997,0.313,0.002533682,0.00139108,0.312473848,T-EV,2
FALSE,FALSE,FALSE,0.997,0.266,0.265471358,0.000758239,0.002888035,TF,0
FALSE,FALSE,FALSE,0.915,0.146,0.083828271,0.030661303,0.144933407,T-EV,2
FALSE,FALSE,FALSE,0.998,0.316,0.316835082,0.000212151,0.002385726,TF,0
FALSE,FALSE,TRUE,0.999,0.964,0.001427267,0.000867502,0.963521481,T-EV,2
FALSE,FALSE,FALSE,0.953,0.188,0.187508416,0.002797694,0.047393155,TF,0
FALSE,FALSE,FALSE,0.998,0.456,0.45696395,0.000473859,0.002028911,TF,0
FALSE,FALSE,FALSE,1,0.826,0.001157525,0.826431294,0.000430417,TI,1
FALSE,FALSE,FALSE,0.894,0.131,0.101979707,0.072452955,0.131788909,T-EV,2
FALSE,FALSE,FALSE,0.999,0.782,0.782595381,0.000210354,0.001383048,TF,0
FALSE,FALSE,FALSE,0.999,0.633,0.001077313,0.00100182,0.632318546,T-EV,2
FALSE,FALSE,FALSE,0.999,0.581,0.580826082,0.001084973,0.000152622,TF,0
FALSE,FALSE,FALSE,0.998,0.317,0.315926361,0.001113451,0.002865405,TF,0
FALSE,FALSE,FALSE,0.998,0.545,0.545443499,0.001105447,0.000157012,TF,0
FALSE,FALSE,FALSE,0.999,0.483,0.482321094,0.000525843,0.000556557,TF,0
FALSE,FALSE,FALSE,0.886,0.12,0.113776881,0.119250992,0.052998154,TI,1
FALSE,FALSE,FALSE,0.996,0.253,0.252977954,0.002354584,0.003869179,TF,0
FALSE,FALSE,FALSE,1,0.745,0.747138248,0.001201082,0.000804765,TF,0
FALSE,FALSE,FALSE,0.994,0.25,0.250367988,0.002540591,0.005765197,TF,0
FALSE,FALSE,FALSE,0.999,0.606,0.605883303,0.001246403,0.000297243,TF,0
FALSE,FALSE,FALSE,0.999,0.682,0.6884466,0.000226923,0.000490862,TF,0
FALSE,FALSE,FALSE,0.998,0.838,0.854351988,0.000816544,0.001583773,TF,0
FALSE,FALSE,FALSE,0.998,0.397,0.397683869,0.000345645,0.003051027,TF,0
FALSE,FALSE,FALSE,0.999,0.867,0.900197927,0.000582272,0.001307702,TF,0
FALSE,FALSE,FALSE,0.999,0.884,0.918379113,0.000798664,0.000775409,TF,0
FALSE,FALSE,FALSE,0.995,0.246,0.24621076,0.001940989,0.005169401,TF,0
FALSE,FALSE,FALSE,0.999,0.718,0.721387325,0.001191613,0.000339722,TF,0
FALSE,FALSE,FALSE,0.999,0.636,0.637173879,0.001262925,0.000139975,TF,0
TRUE,FALSE,FALSE,0.999,0.933,0.932807879,0.000824566,0.00111913,TF,0
FALSE,FALSE,FALSE,0.95,0.184,0.183596811,0.001835448,0.04893828,TF,0
FALSE,FALSE,FALSE,0.999,0.824,0.000204552,0.000466379,0.823608828,T-EV,2
TRUE,FALSE,FALSE,0.999,0.941,0.940877021,0.001492832,0.000143945,TF,0
FALSE,FALSE,FALSE,0.973,0.21,0.209785069,0.001996103,0.026974432,TF,0
FALSE,FALSE,FALSE,0.998,0.335,0.336003662,0.000178392,0.001936168,TF,0
FALSE,FALSE,FALSE,0.999,0.496,0.494664193,0.000523724,0.000318163,TF,0
FALSE,FALSE,FALSE,0.998,0.685,0.688481306,0.001347054,0.001447825,TF,0
FALSE,FALSE,FALSE,0.916,0.146,0.084754988,0.044536304,0.145869969,T-EV,2
FALSE,FALSE,FALSE,0.998,0.3,0.301025423,0.001505607,0.003021375,TF,0
FALSE,FALSE,FALSE,0.997,0.428,0.426378275,0.001248601,0.001932354,TF,0
FALSE,FALSE,FALSE,0.998,0.383,0.383951474,0.001133989,0.002622773,TF,0
FALSE,FALSE,FALSE,0.998,0.341,0.340372503,0.001215534,0.002663171,TF,0
FALSE,FALSE,FALSE,0.999,0.558,0.557708432,0.00026382,0.001131968,TF,0
FALSE,FALSE,FALSE,0.998,0.267,0.266797865,0.001472699,0.002964875,TF,0
FALSE,FALSE,FALSE,0.999,0.482,0.482025589,0.000282042,0.000762068,TF,0
FALSE,FALSE,FALSE,0.998,0.262,0.261292019,0.001396703,0.003042991,TF,0
FALSE,FALSE,FALSE,0.999,0.762,0.76215585,0.001109048,0.000540257,TF,0
FALSE,FALSE,FALSE,0.998,0.428,0.426301849,0.00069174,0.003121092,TF,0
FALSE,FALSE,FALSE,0.93,0.169,0.170214121,0.011248642,0.070265222,TF,0
FALSE,FALSE,FALSE,1,0.583,0.000706097,0.001224523,0.582518395,T-EV,2
FALSE,FALSE,FALSE,0.985,0.222,0.220811998,0.002929835,0.014814385,TF,0
FALSE,FALSE,FALSE,0.998,0.345,0.344704019,0.001445191,0.003158013,TF,0
FALSE,FALSE,FALSE,0.999,0.788,0.788817936,0.000113095,0.000220909,TF,0
FALSE,FALSE,FALSE,0.998,0.558,0.558029654,0.001413874,0.000218706,TF,0
FALSE,FALSE,FALSE,0.916,0.142,0.142583164,0.034000269,0.084047738,TF,0
FALSE,FALSE,FALSE,0.999,0.721,0.721364064,0.000593832,0.001238466,TF,0
FALSE,FALSE,FALSE,0.999,0.769,0.769667204,0.00030506,0.001421282,TF,0
FALSE,FALSE,FALSE,0.998,0.501,0.502014245,0.001002584,0.000344966,TF,0
FALSE,FALSE,FALSE,0.997,0.299,0.299076844,0.000457742,0.001690953,TF,0
FALSE,FALSE,FALSE,0.998,0.321,0.320565372,0.000462654,0.002415258,TF,0
FALSE,FALSE,FALSE,0.997,0.426,0.426098473,0.000874556,0.002796985,TF,0
FALSE,FALSE,TRUE,0.999,0.964,9.90E-05,0.000761352,0.964312477,T-EV,2
FALSE,FALSE,FALSE,0.904,0.137,0.077903108,0.096831806,0.135654686,T-EV,2
FALSE,FALSE,FALSE,0.999,0.676,0.680708579,0.00051371,0.001545802,TF,0
FALSE,FALSE,FALSE,0.999,0.542,0.541778948,8.29E-05,0.000396918,TF,0
FALSE,FALSE,FALSE,0.965,0.197,0.196707822,0.002918173,0.033962975,TF,0
FALSE,FALSE,FALSE,0.976,0.213,0.212990059,0.002175029,0.024423977,TF,0
FALSE,FALSE,TRUE,0.999,0.975,0.00134199,0.00022143,0.975733454,T-EV,2
FALSE,FALSE,FALSE,0.948,0.183,0.182498453,0.002379668,0.052979606,TF,0
FALSE,FALSE,FALSE,0.968,0.204,0.204922076,0.031964217,0.001944953,TF,0
FALSE,FALSE,FALSE,0.998,0.531,0.529860212,0.000997276,0.000756514,TF,0
FALSE,FALSE,FALSE,0.997,0.319,0.320367413,0.001245258,0.002776568,TF,0
FALSE,FALSE,FALSE,0.998,0.313,0.313611762,0.000527749,0.003057336,TF,0
FALSE,FALSE,FALSE,0.921,0.156,0.079300871,0.06637327,0.15685726,T-EV,2
FALSE,FALSE,FALSE,0.998,0.435,0.436246477,0.001314582,0.001763123,TF,0
FALSE,FALSE,FALSE,0.998,0.459,0.45910429,1.90E-06,0.002118297,TF,0
FALSE,FALSE,FALSE,0.915,0.146,0.085120478,0.146375423,0.031732109,TI,1
FALSE,FALSE,FALSE,0.896,0.131,0.104493641,0.073176622,0.131049149,T-EV,2
FALSE,FALSE,FALSE,0.999,0.648,0.647482321,0.000295913,0.001349525,TF,0
FALSE,FALSE,FALSE,0.963,0.192,0.036860102,0.003185855,0.19234563,T-EV,2
FALSE,FALSE,FALSE,0.999,0.625,0.6274292,0.000281464,0.001563619,TF,0
FALSE,FALSE,FALSE,0.999,0.794,0.792819109,0.000629715,0.000108803,TF,0
FALSE,FALSE,FALSE,0.913,0.14,0.141587076,0.08839793,0.03805979,TF,0
FALSE,FALSE,FALSE,0.938,0.181,0.180791939,0.003832412,0.062413312,TF,0
FALSE,FALSE,FALSE,0.999,0.483,0.483215384,0.000418683,0.001552873,TF,0
FALSE,FALSE,FALSE,0.921,0.157,0.157639614,0.024482125,0.079721696,TF,0
FALSE,FALSE,FALSE,0.998,0.607,0.605740312,0.000934591,0.00058114,TF,0
FALSE,FALSE,FALSE,0.998,0.407,0.407255758,0.000613171,0.002811849,TF,0
FALSE,FALSE,FALSE,0.997,0.268,0.267558552,0.000543871,0.001930181,TF,0
FALSE,FALSE,FALSE,0.999,0.662,0.678293058,0.00052513,0.001186518,TF,0
FALSE,FALSE,FALSE,0.912,0.14,0.139263836,0.090155444,0.043059778,TF,0
FALSE,FALSE,FALSE,0.999,0.593,0.593762619,0.000206724,0.00062919,TF,0
FALSE,FALSE,FALSE,0.996,0.253,0.25441544,0.002067951,0.003731603,TF,0
FALSE,FALSE,FALSE,0.997,0.362,0.36189261,0.000218194,0.002898162,TF,0
FALSE,FALSE,FALSE,0.999,0.493,0.493539533,0.001334424,0.000170147,TF,0
FALSE,FALSE,FALSE,0.913,0.14,0.140045038,0.089669172,0.043012632,TF,0
FALSE,FALSE,FALSE,0.999,0.693,0.693340214,0.000339333,0.001489141,TF,0
FALSE,FALSE,FALSE,0.998,0.348,0.347725922,0.001250914,0.003034281,TF,0
FALSE,FALSE,FALSE,1,0.515,0.516717019,0.00122467,0.000673621,TF,0
FALSE,FALSE,FALSE,0.999,0.607,0.605776565,0.001229604,0.001468185,TF,0
FALSE,FALSE,FALSE,0.998,0.46,0.459521221,0.001143075,0.002126357,TF,0
FALSE,FALSE,FALSE,0.999,0.792,0.001122561,0.001006506,0.792218179,T-EV,2
FALSE,FALSE,FALSE,0.999,0.594,0.594783748,0.001135103,0.001199725,TF,0
FALSE,FALSE,FALSE,0.897,0.132,0.103036124,0.0735325,0.13196891,T-EV,2
FALSE,FALSE,FALSE,0.998,0.38,0.378964548,0.001128216,0.002234708,TF,0
FALSE,FALSE,FALSE,0.998,0.868,0.874279179,0.001040841,0.000517499,TF,0
FALSE,FALSE,FALSE,0.999,0.57,0.564939357,0.000610708,0.000638942,TF,0
FALSE,FALSE,FALSE,0.999,0.69,0.00140621,0.001283981,0.689479842,T-EV,2
FALSE,FALSE,FALSE,0.999,0.516,0.515470466,0.000534362,0.000928148,TF,0
FALSE,TRUE,FALSE,0.999,0.96,0.001229595,0.960742229,0.001195201,TI,1
FALSE,FALSE,FALSE,0.999,0.517,0.517788045,7.11E-05,0.001131594,TF,0
FALSE,FALSE,FALSE,0.985,0.221,0.221853438,0.009801106,0.015409589,TF,0
FALSE,FALSE,FALSE,0.904,0.135,0.07742694,0.096652779,0.136564413,T-EV,2
FALSE,FALSE,FALSE,0.999,0.582,0.581537949,0.001367084,0.000579193,TF,0
FALSE,FALSE,FALSE,0.999,0.66,0.661609257,0.000563847,0.000172447,TF,0
FALSE,FALSE,FALSE,0.999,0.558,0.557918599,0.000295341,0.001499603,TF,0
FALSE,FALSE,FALSE,0.999,0.63,0.63260165,0.00044239,0.000846078,TF,0
FALSE,FALSE,FALSE,1,0.748,0.741482785,0.001067768,0.000690055,TF,0
FALSE,FALSE,FALSE,0.997,0.29,0.290211254,0.001197468,0.002512588,TF,0
FALSE,FALSE,FALSE,0.953,0.188,0.187639686,0.002349338,0.047056059,TF,0
FALSE,FALSE,FALSE,0.91,0.141,0.141047503,0.087765884,0.043337796,TF,0
FALSE,FALSE,FALSE,0.999,0.621,0.62019721,0.000668538,0.000793088,TF,0
FALSE,FALSE,FALSE,0.998,0.425,0.426208459,0.000705442,0.00301172,TF,0
FALSE,FALSE,FALSE,0.999,0.753,0.747575574,0.001430319,0.00111996,TF,0
FALSE,FALSE,FALSE,0.997,0.317,0.315988583,0.001245953,0.00178278,TF,0
FALSE,FALSE,FALSE,0.999,0.537,0.532554303,0.001089125,0.000680822,TF,0
FALSE,FALSE,FALSE,0.93,0.169,0.170503061,0.01267884,0.07067028,TF,0
FALSE,FALSE,FALSE,0.916,0.144,0.144508987,0.031008906,0.08462918,TF,0
FALSE,FALSE,FALSE,0.999,0.572,0.572822014,0.001153746,0.000675333,TF,0
FALSE,FALSE,FALSE,0.935,0.176,0.177084685,0.005045551,0.064945865,TF,0
FALSE,FALSE,FALSE,0.937,0.182,0.181851949,0.005093604,0.064098053,TF,0
FALSE,FALSE,FALSE,0.997,0.265,0.001999255,0.001088555,0.265371372,T-EV,2
FALSE,FALSE,FALSE,0.998,0.313,0.313587241,0.001592227,0.002336289,TF,0
TRUE,FALSE,FALSE,0.999,0.923,0.92271688,0.001425291,0.000731614,TF,0
FALSE,FALSE,FALSE,0.916,0.151,0.150543151,0.029878072,0.084114858,TF,0
FALSE,FALSE,FALSE,0.997,0.274,0.274787488,0.001043575,0.001678122,TF,0
FALSE,FALSE,FALSE,0.935,0.176,0.179354635,0.064853882,0.003971025,TF,0
FALSE,FALSE,FALSE,0.895,0.131,0.101913621,0.071489401,0.131862246,T-EV,2
FALSE,FALSE,FALSE,0.998,0.424,0.423817075,0.000967847,0.002005698,TF,0
FALSE,FALSE,FALSE,0.998,0.751,0.74790326,0.000947446,0.001345263,TF,0
FALSE,FALSE,FALSE,0.997,0.397,0.39645067,0.000867679,0.003170768,TF,0
FALSE,FALSE,FALSE,0.997,0.268,0.267933836,0.000619451,0.002179531,TF,0
FALSE,FALSE,FALSE,0.936,0.182,0.181341964,0.003624373,0.063598082,TF,0
FALSE,FALSE,FALSE,0.93,0.17,0.169234793,0.011783037,0.070697237,TF,0
FALSE,FALSE,FALSE,0.999,0.793,0.793361874,0.00135239,0.000766926,TF,0
FALSE,FALSE,FALSE,0.998,0.332,0.333125239,0.000611302,0.002484051,TF,0
FALSE,FALSE,FALSE,0.925,0.162,0.161266638,0.074168637,0.029586811,TF,0
FALSE,FALSE,FALSE,0.996,0.251,0.250361012,0.002861921,0.004645124,TF,0
FALSE,FALSE,FALSE,0.967,0.198,0.205526079,0.03324396,0.001921114,TF,0
FALSE,FALSE,FALSE,0.998,0.411,0.411123687,7.78E-05,0.00309741,TF,0
FALSE,FALSE,FALSE,0.999,0.547,0.547304285,0.000256133,0.00113989,TF,0
FALSE,FALSE,FALSE,0.998,0.384,0.384314119,0.001356603,0.003077258,TF,0
FALSE,FALSE,FALSE,1,0.653,0.653734923,0.000461351,0.000336495,TF,0
FALSE,FALSE,FALSE,0.972,0.209,0.210771895,0.002390169,0.02761654,TF,0
FALSE,FALSE,FALSE,0.966,0.205,0.197051715,0.03412322,0.002184982,TF,0
FALSE,FALSE,FALSE,0.999,0.847,0.906447096,0.000141308,0.001148248,TF,0
FALSE,FALSE,FALSE,0.922,0.162,0.161525192,0.078731383,0.017148409,TF,0
FALSE,FALSE,FALSE,0.998,0.304,0.302881179,0.000398003,0.002573752,TF,0
FALSE,FALSE,FALSE,0.997,0.48,0.48077153,0.001576144,0.003012852,TF,0
FALSE,FALSE,FALSE,0.999,0.583,0.582188121,0.000584218,9.86E-05,TF,0
FALSE,FALSE,FALSE,0.994,0.246,0.244997324,0.002382905,0.00587902,TF,0
FALSE,FALSE,FALSE,0.975,0.212,0.212481574,0.00164153,0.024429687,TF,0
FALSE,FALSE,FALSE,0.999,0.601,0.599905421,0.00043734,0.000949253,TF,0
FALSE,FALSE,FALSE,0.998,0.424,0.423640194,0.000843678,0.002791023,TF,0
FALSE,FALSE,FALSE,0.93,0.166,0.167343003,0.015822519,0.070727733,TF,0
FALSE,FALSE,FALSE,0.999,0.76,0.76077402,0.000621889,0.000586213,TF,0
FALSE,FALSE,FALSE,0.984,0.224,0.223194047,0.002287457,0.014671057,TF,0
FALSE,FALSE,FALSE,0.936,0.182,0.180483056,0.002147927,0.063318266,TF,0
FALSE,FALSE,FALSE,0.998,0.509,0.510203585,0.000683698,0.000905237,TF,0
FALSE,FALSE,FALSE,0.997,0.317,0.316343687,0.00085073,0.002905036,TF,0
FALSE,FALSE,FALSE,0.999,0.779,0.777792086,0.001542417,0.000184219,TF,0
FALSE,FALSE,FALSE,0.997,0.362,0.36316524,0.00042633,0.003214558,TF,0
FALSE,FALSE,TRUE,0.999,0.933,0.001570554,0.000231817,0.932996088,T-EV,2
FALSE,FALSE,FALSE,0.996,0.257,0.25726671,0.000195606,0.003719925,TF,0
TRUE,FALSE,FALSE,0.999,0.936,0.935649251,7.70E-05,0.000513244,TF,0
FALSE,FALSE,FALSE,0.999,0.767,0.767934935,0.000450307,0.001241454,TF,0
FALSE,FALSE,FALSE,0.998,0.3,0.299839456,0.001240786,0.002216501,TF,0
FALSE,FALSE,FALSE,0.999,0.658,0.657703203,0.001309903,0.000735787,TF,0
FALSE,FALSE,FALSE,1,0.818,0.818508937,0.00109291,0.000193702,TF,0
FALSE,FALSE,FALSE,0.999,0.604,0.606348378,0.000513877,0.001068971,TF,0
TRUE,FALSE,FALSE,0.999,0.944,0.944793269,0.00122914,0.001222411,TF,0
FALSE,FALSE,FALSE,0.988,0.23,0.230897351,0.001797826,0.012404368,TF,0
FALSE,FALSE,FALSE,0.998,0.294,0.293701539,0.000467378,0.002548974,TF,0
FALSE,FALSE,FALSE,1,0.794,0.792272325,0.001401881,0.000640834,TF,0
FALSE,FALSE,FALSE,0.999,0.913,0.904586537,0.00030281,0.00093712,TF,0
FALSE,FALSE,FALSE,1,0.711,0.711325995,0.000831913,8.98E-05,TF,0
FALSE,FALSE,FALSE,0.998,0.259,0.259081106,0.001325684,0.002156658,TF,0
FALSE,FALSE,FALSE,0.999,0.681,0.67984842,0.001466714,0.000432602,TF,0
FALSE,FALSE,FALSE,0.998,0.539,0.536772652,0.000900239,0.001120242,TF,0
FALSE,FALSE,FALSE,0.998,0.412,0.411359824,0.001046366,0.002562456,TF,0
FALSE,FALSE,FALSE,0.998,0.591,0.593515077,0.001336706,0.001105003,TF,0
FALSE,FALSE,FALSE,0.998,0.363,0.362687337,0.00118993,0.002883418,TF,0
FALSE,FALSE,FALSE,0.999,0.49,0.489693049,0.000355281,0.000653764,TF,0
FALSE,FALSE,FALSE,0.999,0.8,0.799275582,0.000701162,0.000664202,TF,0
TRUE,FALSE,FALSE,0.999,0.858,0.920807832,0.000366526,0.00119527,TF,0
FALSE,FALSE,FALSE,0.998,0.452,0.45243648,0.000529291,0.002685993,TF,0
FALSE,FALSE,FALSE,0.999,0.525,0.525046936,0.001008346,0.000811556,TF,0
FALSE,FALSE,FALSE,0.994,0.243,0.24295577,0.002090104,0.005150684,TF,0
FALSE,FALSE,FALSE,0.999,0.861,0.835097089,0.001480105,0.000967967,TF,0
FALSE,FALSE,FALSE,0.998,0.381,0.380954553,0.000241701,0.002504776,TF,0
FALSE,FALSE,FALSE,0.999,0.712,0.712254149,0.001310263,0.000265255,TF,0
FALSE,FALSE,FALSE,0.915,0.151,0.083819247,0.030368433,0.150956106,T-EV,2
FALSE,FALSE,FALSE,0.999,0.67,0.66538885,0.000636057,5.23E-05,TF,0
FALSE,FALSE,FALSE,0.985,0.223,0.223489207,0.002059076,0.014973167,TF,0
FALSE,FALSE,FALSE,0.908,0.136,0.090821584,0.135698674,0.047657029,TI,1
FALSE,FALSE,FALSE,0.999,0.718,0.716863327,0.0007117,0.001544962,TF,0
FALSE,FALSE,FALSE,0.999,0.566,0.569658858,0.000410425,0.00024403,TF,0
FALSE,FALSE,FALSE,0.998,0.435,0.002018311,0.001286946,0.435551497,T-EV,2
FALSE,FALSE,FALSE,0.998,0.473,0.472890399,0.000641945,0.003172981,TF,0
FALSE,FALSE,FALSE,0.984,0.22,0.219772047,0.00317304,0.016372236,TF,0
FALSE,FALSE,FALSE,0.999,0.738,0.742894269,0.000326724,0.00091942,TF,0
FALSE,FALSE,FALSE,0.998,0.306,0.306893106,0.0010624,0.002468971,TF,0
FALSE,FALSE,FALSE,0.999,0.762,0.762766367,0.00062638,2.65E-05,TF,0
FALSE,FALSE,FALSE,0.997,0.381,0.380768286,0.00123485,0.002017444,TF,0
FALSE,FALSE,FALSE,0.999,0.722,0.722496238,0.001294861,0.001410116,TF,0
FALSE,TRUE,FALSE,0.999,0.978,0.000580921,0.978047603,0.00032157,TI,1
FALSE,FALSE,FALSE,0.999,0.795,1.70E-05,0.79477704,6.02E-05,TI,1
FALSE,FALSE,FALSE,0.999,0.6,0.599390936,0.000559968,0.000160232,TF,0
FALSE,FALSE,FALSE,0.999,0.494,0.495606306,0.001127989,0.001487775,TF,0
TRUE,FALSE,FALSE,0.999,0.932,0.930771298,0.001138846,0.000527687,TF,0
FALSE,FALSE,FALSE,0.999,0.525,0.523795132,0.00067078,0.001387943,TF,0
FALSE,FALSE,FALSE,0.93,0.171,0.171991476,0.010241771,0.070179509,TF,0
FALSE,FALSE,FALSE,0.999,0.489,0.489417234,0.000182744,0.000309177,TF,0
FALSE,FALSE,FALSE,0.999,0.577,0.57761616,0.000786029,0.000642599,TF,0
FALSE,FALSE,FALSE,0.995,0.242,0.242482665,0.002607879,0.006043582,TF,0
FALSE,FALSE,FALSE,0.925,0.162,0.162189246,0.017906913,0.075527347,TF,0
FALSE,FALSE,FALSE,0.999,0.924,0.863082317,0.001425298,0.001230335,TF,0
FALSE,FALSE,FALSE,0.929,0.175,0.174905644,0.009944744,0.069537692,TF,0
FALSE,FALSE,TRUE,1,0.963,0.000587553,0.000379711,0.963890196,T-EV,2
FALSE,FALSE,FALSE,1,0.903,0.892655062,9.46E-05,0.000423162,TF,0
FALSE,FALSE,FALSE,0.999,0.748,0.740374409,0.000908661,0.001309613,TF,0
FALSE,FALSE,FALSE,0.997,0.283,0.282406795,0.000149267,0.002267524,TF,0
FALSE,FALSE,TRUE,0.999,0.97,0.00110002,0.001449157,0.970389706,T-EV,2
FALSE,FALSE,FALSE,0.98,0.219,0.219077682,0.001706911,0.019649253,TF,0
FALSE,FALSE,FALSE,0.999,0.595,0.593380567,0.000841537,0.000714262,TF,0
FALSE,FALSE,FALSE,0.935,0.175,0.175789454,0.065646866,0.044007428,TF,0
FALSE,FALSE,FALSE,0.975,0.216,0.215198802,0.002555263,0.02541793,TF,0
FALSE,FALSE,FALSE,0.997,0.258,0.258094753,0.002552071,0.00163892,TF,0
FALSE,FALSE,FALSE,0.931,0.174,0.174671101,0.010518221,0.06967922,TF,0
FALSE,FALSE,FALSE,0.997,0.437,0.002151073,0.001293548,0.437730826,T-EV,2
FALSE,FALSE,TRUE,1,0.932,0.00102541,0.001569249,0.9314283,T-EV,2
FALSE,FALSE,FALSE,0.999,0.83,0.857838639,0.001561895,0.001063772,TF,0
FALSE,FALSE,FALSE,0.999,0.586,0.586395561,0.001526752,0.001160497,TF,0
FALSE,FALSE,FALSE,0.997,0.421,0.420640292,1.58E-05,0.00168643,TF,0
FALSE,TRUE,FALSE,0.999,0.958,0.001163507,0.958042147,0.000417724,TI,1
FALSE,FALSE,FALSE,0.997,0.329,0.329388365,0.00086594,0.002073447,TF,0
FALSE,FALSE,FALSE,0.999,0.638,0.637649381,0.001609612,0.000445364,TF,0
FALSE,FALSE,FALSE,0.988,0.23,0.231201451,0.002753521,0.011668935,TF,0
FALSE,FALSE,FALSE,0.922,0.157,0.157199141,0.025243645,0.07857564,TF,0
FALSE,FALSE,FALSE,0.999,0.8,0.80002121,0.000808317,0.00133925,TF,0
FALSE,FALSE,FALSE,0.998,0.443,0.443746065,0.000195846,0.001819265,TF,0
FALSE,FALSE,FALSE,0.999,0.794,0.001146272,0.793908361,0.001097348,TI,1
FALSE,FALSE,FALSE,0.998,0.407,0.406665456,0.000670317,0.003148129,TF,0
FALSE,FALSE,FALSE,0.887,0.118,0.118944283,0.113015549,0.08514684,TF,0
FALSE,FALSE,FALSE,0.999,0.672,0.679880311,0.001242876,0.001605314,TF,0
FALSE,FALSE,FALSE,0.999,0.627,0.626431532,0.000217552,0.000660739,TF,0
FALSE,FALSE,FALSE,0.997,0.436,0.435138005,0.001540309,0.002506754,TF,0
FALSE,FALSE,FALSE,0.999,0.795,0.794515964,0.001384688,0.000705444,TF,0
FALSE,FALSE,FALSE,0.997,0.337,0.337202634,2.08E-05,0.002800053,TF,0
TRUE,FALSE,FALSE,0.999,0.954,0.95488752,0.001411331,0.001535351,TF,0
FALSE,FALSE,FALSE,0.999,0.509,0.50898615,0.000862095,0.001584897,TF,0
FALSE,FALSE,FALSE,0.982,0.219,0.21974365,0.001670905,0.016233114,TF,0
FALSE,FALSE,FALSE,0.916,0.146,0.145666383,0.030837695,0.084395357,TF,0
FALSE,FALSE,FALSE,0.999,0.632,0.632521791,0.000971709,0.001372826,TF,0
FALSE,TRUE,FALSE,0.999,0.982,0.000925313,0.991587966,0.000805648,TI,1
FALSE,FALSE,FALSE,0.997,0.408,0.408056909,9.70E-05,0.002057009,TF,0
FALSE,FALSE,FALSE,0.999,0.766,0.769016482,0.000853768,0.000207552,TF,0
FALSE,FALSE,FALSE,0.891,0.126,0.125804699,0.047898517,0.108963314,TF,0
FALSE,FALSE,FALSE,0.996,0.253,0.253505454,0.00028834,0.00436024,TF,0
FALSE,FALSE,FALSE,0.997,0.329,0.329323677,0.000175315,0.003126665,TF,0
FALSE,FALSE,FALSE,0.998,0.423,0.422414727,0.000876484,0.002338405,TF,0
FALSE,FALSE,FALSE,0.999,0.579,0.579265255,0.000467159,0.000262302,TF,0
FALSE,FALSE,FALSE,0.997,0.435,0.435648529,0.000347331,0.002970398,TF,0
FALSE,FALSE,FALSE,0.999,0.532,0.533556856,0.000848716,0.000874186,TF,0
FALSE,FALSE,FALSE,0.999,0.712,0.712660123,0.001238206,0.001008967,TF,0
FALSE,FALSE,FALSE,0.886,0.118,0.116730726,0.114093746,0.084757432,TF,0
FALSE,FALSE,FALSE,0.998,0.316,0.317172642,0.000598701,0.002767165,TF,0
FALSE,FALSE,FALSE,1,0.659,0.658727283,0.001056229,0.000789161,TF,0
FALSE,FALSE,FALSE,0.891,0.124,0.109526668,0.125327551,0.060159017,TI,1
FALSE,FALSE,FALSE,0.999,0.495,0.494645864,0.000657172,0.00052419,TF,0
TRUE,FALSE,FALSE,0.999,0.884,0.894192168,2.91E-05,0.001285711,TF,0
FALSE,FALSE,FALSE,0.998,0.265,0.264855615,0.001159481,0.00261458,TF,0
FALSE,FALSE,FALSE,0.996,0.254,0.253258738,0.001198211,0.004544401,TF,0
FALSE,FALSE,FALSE,0.999,0.721,0.720293589,0.00070926,0.001508129,TF,0
FALSE,FALSE,FALSE,0.998,0.388,0.386994794,0.002066898,0.000384246,TF,0
FALSE,FALSE,FALSE,0.89,0.127,0.112305793,0.123102203,0.060739703,TI,1
FALSE,FALSE,FALSE,0.998,0.415,0.414679668,0.001262223,0.002650275,TF,0
FALSE,FALSE,FALSE,0.997,0.301,0.300523178,0.000158576,0.00243645,TF,0
FALSE,FALSE,FALSE,0.933,0.175,0.174950537,0.006408906,0.067387832,TF,0
FALSE,FALSE,FALSE,0.997,0.278,0.278353706,0.000407223,0.002318128,TF,0
FALSE,FALSE,FALSE,0.999,0.591,0.592102448,0.001596131,0.000614064,TF,0
FALSE,FALSE,FALSE,0.999,0.62,0.619867531,0.001213373,0.000418186,TF,0
FALSE,FALSE,FALSE,0.921,0.16,0.161228223,0.07777931,0.017022334,TF,0
FALSE,FALSE,FALSE,0.999,0.561,0.56076742,0.001042632,0.000185066,TF,0
FALSE,FALSE,FALSE,0.997,0.436,0.437047882,0.001136986,0.002198845,TF,0
FALSE,FALSE,FALSE,0.915,0.151,0.151055995,0.030897884,0.084707046,TF,0
FALSE,FALSE,FALSE,0.999,0.579,0.57858201,0.001198976,0.000164016,TF,0
FALSE,FALSE,FALSE,0.999,0.862,0.905101235,0.000233546,0.001449321,TF,0
FALSE,FALSE,FALSE,0.999,0.619,0.619924879,6.94E-05,0.001408916,TF,0
FALSE,FALSE,FALSE,0.997,0.327,0.327905218,0.001565319,0.002392075,TF,0
FALSE,FALSE,FALSE,0.93,0.172,0.069665908,0.010565845,0.170805928,T-EV,2
FALSE,FALSE,FALSE,0.997,0.318,0.317626691,0.00099056,0.003213925,TF,0
FALSE,FALSE,FALSE,0.929,0.171,0.169456588,0.010863294,0.070423564,TF,0
FALSE,FALSE,FALSE,0.911,0.139,0.140846616,0.087863859,0.041872068,TF,0
FALSE,FALSE,FALSE,0.997,0.316,0.315738934,0.001511456,0.00284556,TF,0
FALSE,FALSE,FALSE,0.999,0.655,0.653302182,0.000647349,0.000483853,TF,0
FALSE,FALSE,FALSE,0.999,0.869,0.85883922,0.001144161,0.000147721,TF,0
FALSE,FALSE,FALSE,0.998,0.641,0.640922442,0.001058954,0.000546135,TF,0
FALSE,FALSE,FALSE,0.999,0.813,0.813152071,0.001404049,0.000993249,TF,0
FALSE,FALSE,FALSE,0.999,0.605,0.606499962,0.000865997,0.001137934,TF,0
FALSE,FALSE,FALSE,0.999,0.846,0.840802247,0.000967523,0.001404918,TF,0
FALSE,FALSE,FALSE,0.935,0.176,0.177027126,0.012844933,0.065255032,TF,0
FALSE,FALSE,FALSE,0.999,0.903,0.916933469,0.000635848,0.000838898,TF,0
FALSE,FALSE,FALSE,0.998,0.398,0.002772525,0.001412678,0.398638144,T-EV,2
FALSE,FALSE,FALSE,0.998,0.683,0.68892334,0.000330254,0.000936755,TF,0
FALSE,FALSE,FALSE,0.9,0.13,0.131751062,0.099922901,0.047164961,TF,0
FALSE,FALSE,FALSE,0.998,0.681,0.679846624,0.000174353,0.000422471,TF,0
FALSE,FALSE,FALSE,0.988,0.23,0.231561437,0.002759858,0.011947095,TF,0
FALSE,FALSE,FALSE,0.999,0.593,0.595407445,0.001182893,0.001324188,TF,0
FALSE,FALSE,FALSE,0.998,0.362,0.002962456,0.000859866,0.360891785,T-EV,2
FALSE,FALSE,FALSE,0.999,0.804,0.804552531,0.00143704,0.000983061,TF,0
FALSE,FALSE,FALSE,0.999,0.704,0.698408964,0.000960236,0.000186294,TF,0
FALSE,TRUE,FALSE,0.999,0.946,0.001050894,0.946077287,0.000999686,TI,1
FALSE,FALSE,FALSE,0.999,0.825,0.825350938,0.001399374,0.001323119,TF,0
FALSE,FALSE,FALSE,0.984,0.219,0.219970854,0.002471979,0.016860169,TF,0
FALSE,FALSE,FALSE,0.998,0.79,0.788046119,0.000222605,0.000562656,TF,0
FALSE,FALSE,FALSE,0.999,0.713,0.712100197,0.0007779,0.000688942,TF,0
FALSE,FALSE,FALSE,0.999,0.732,0.747553815,0.000501188,0.001360093,TF,0
FALSE,FALSE,FALSE,0.984,0.225,0.224575016,0.002617221,0.015362661,TF,0
FALSE,FALSE,FALSE,0.997,0.456,0.455858628,0.000976104,0.002114827,TF,0
FALSE,FALSE,FALSE,1,0.702,0.697368873,0.000505967,0.00070883,TF,0
FALSE,FALSE,FALSE,1,0.646,0.647197898,0.001421944,0.001024217,TF,0
FALSE,FALSE,FALSE,0.999,0.631,0.629313304,0.000152869,0.000207057,TF,0
FALSE,FALSE,FALSE,0.922,0.157,0.157808526,0.021625801,0.078743652,TF,0
FALSE,FALSE,FALSE,0.998,0.509,0.5103855,0.000557765,0.000138977,TF,0
FALSE,FALSE,FALSE,0.998,0.384,0.384067725,0.000248899,0.001899368,TF,0
FALSE,FALSE,FALSE,0.916,0.146,0.083858139,0.03176044,0.14539694,T-EV,2
FALSE,FALSE,FALSE,0.998,0.566,0.564720618,0.000555553,0.001470841,TF,0
FALSE,FALSE,FALSE,0.99,0.234,0.234702451,0.00201461,0.010650451,TF,0
FALSE,FALSE,FALSE,0.997,0.316,0.315928008,0.000563349,0.002505283,TF,0
FALSE,FALSE,FALSE,0.999,0.564,0.569083137,0.00078639,0.000337678,TF,0
FALSE,FALSE,TRUE,0.999,0.964,0.001205462,0.000214326,0.963636234,T-EV,2
FALSE,FALSE,FALSE,0.998,0.259,0.258281102,4.78E-05,0.002174134,TF,0
FALSE,FALSE,FALSE,0.997,0.271,0.271599654,0.00074526,0.003196338,TF,0
FALSE,FALSE,FALSE,0.999,0.799,0.799208438,0.000795747,0.000423687,TF,0
FALSE,FALSE,FALSE,0.999,0.577,0.575252553,0.001011156,0.000761825,TF,0
FALSE,FALSE,FALSE,0.999,0.77,0.770252436,0.001563874,0.001230606,TF,0
FALSE,FALSE,FALSE,0.999,0.649,0.65022962,5.27E-05,0.000561084,TF,0
FALSE,FALSE,FALSE,0.998,0.903,0.835178339,0.001479883,0.001595605,TF,0
FALSE,FALSE,FALSE,0.998,0.317,0.316909067,0.000258547,0.001657782,TF,0
TRUE,FALSE,FALSE,0.999,0.937,0.936957052,0.000550732,0.001206688,TF,0
FALSE,FALSE,FALSE,0.998,0.475,0.474057509,0.000914971,0.00295271,TF,0
FALSE,FALSE,FALSE,0.998,0.335,0.336208903,0.000158129,0.002164812,TF,0
FALSE,FALSE,FALSE,0.937,0.18,0.175904107,0.065072053,0.004311837,TF,0
FALSE,FALSE,FALSE,0.999,0.614,0.614715,0.000456865,0.001072714,TF,0
FALSE,FALSE,FALSE,0.973,0.21,0.210839645,0.002748279,0.026579717,TF,0
FALSE,FALSE,FALSE,0.915,0.142,0.084512776,0.031272244,0.142675598,T-EV,2
FALSE,FALSE,FALSE,0.888,0.12,0.069910636,0.120355247,0.11176926,TI,1
FALSE,FALSE,FALSE,0.997,0.385,0.386104335,0.00034841,0.002191089,TF,0
FALSE,FALSE,FALSE,0.987,0.229,0.012655623,0.226187542,0.001936414,TI,1
FALSE,FALSE,FALSE,0.953,0.187,0.187885629,0.002251988,0.048302908,TF,0
FALSE,FALSE,FALSE,0.999,0.545,0.544713276,0.001037508,0.001009249,TF,0
FALSE,FALSE,FALSE,0.998,0.424,0.423907265,0.000845601,0.001768914,TF,0
FALSE,FALSE,FALSE,0.999,0.507,0.506012511,0.001164985,0.001465975,TF,0
FALSE,TRUE,FALSE,0.999,0.983,0.000475288,0.986164479,0.001330978,TI,1
FALSE,FALSE,FALSE,1,0.663,0.668518236,0.000276287,0.000392865,TF,0
FALSE,FALSE,TRUE,1,0.954,0.00146575,1.45E-05,0.953703814,T-EV,2
FALSE,FALSE,FALSE,0.997,0.399,0.398583074,0.001130979,0.002295029,TF,0
FALSE,FALSE,FALSE,1,0.638,0.63985496,0.001372285,0.000513134,TF,0
FALSE,FALSE,FALSE,0.985,0.224,0.222589261,0.002268088,0.014742271,TF,0
FALSE,FALSE,FALSE,0.994,0.24,0.241385779,0.002079753,0.005217204,TF,0
FALSE,FALSE,FALSE,0.998,0.323,0.322708966,0.001296905,0.001614907,TF,0
FALSE,FALSE,FALSE,0.998,0.261,0.26086303,0.000369616,0.002136389,TF,0
FALSE,FALSE,FALSE,0.999,0.881,0.902921853,0.000346349,0.001065221,TF,0
FALSE,FALSE,FALSE,0.999,0.799,0.798937536,0.000213308,0.000565648,TF,0
FALSE,FALSE,FALSE,0.999,0.777,0.000754338,0.001406725,0.777281499,T-EV,2
FALSE,FALSE,FALSE,1,0.748,0.000283989,0.001239232,0.748790356,T-EV,2
FALSE,FALSE,TRUE,0.999,0.946,0.00086169,0.00081349,0.946852674,T-EV,2
FALSE,FALSE,TRUE,0.999,0.962,0.000171011,0.000596045,0.962151442,T-EV,2
FALSE,FALSE,FALSE,0.999,0.711,0.711563915,0.00121308,0.000848397,TF,0
FALSE,FALSE,FALSE,0.998,0.723,0.723285711,0.000446881,0.001437761,TF,0
FALSE,FALSE,FALSE,0.991,0.237,0.236839035,0.00253399,0.009111125,TF,0
FALSE,FALSE,FALSE,0.998,0.767,0.766802379,0.000991279,0.000126867,TF,0
FALSE,FALSE,FALSE,0.998,0.58,0.580541505,0.001189178,0.001248886,TF,0
FALSE,FALSE,FALSE,0.998,0.45,0.450603912,0.000826346,0.003053633,TF,0
FALSE,FALSE,FALSE,0.892,0.129,0.106556347,0.12972089,0.071323584,TI,1
FALSE,FALSE,FALSE,0.999,0.789,0.789518525,0.000678678,0.00115788,TF,0
FALSE,FALSE,FALSE,0.999,0.885,0.878312471,7.67E-05,0.0007154,TF,0
FALSE,FALSE,FALSE,0.934,0.176,0.176922554,0.005468638,0.065083538,TF,0
FALSE,FALSE,FALSE,0.925,0.162,0.163766135,0.075515301,0.030488485,TF,0
FALSE,FALSE,FALSE,0.999,0.923,0.862968826,9.99E-05,6.68E-05,TF,0
FALSE,FALSE,FALSE,0.891,0.129,0.104769579,0.129797039,0.070862163,TI,1
FALSE,FALSE,FALSE,0.997,0.267,0.26628345,0.001366078,0.001812356,TF,0
FALSE,FALSE,TRUE,0.999,0.959,0.001505801,0.000933824,0.958903229,T-EV,2
FALSE,FALSE,FALSE,0.999,0.921,0.883701813,0.000985265,0.000998686,TF,0
FALSE,FALSE,FALSE,0.999,0.577,0.577046442,0.001272767,0.001056921,TF,0
FALSE,FALSE,FALSE,0.929,0.169,0.17024221,0.014691461,0.069596656,TF,0
FALSE,FALSE,FALSE,0.92,0.157,0.156517312,0.024833441,0.079996429,TF,0
FALSE,FALSE,FALSE,0.998,0.458,0.458232105,0.001170649,0.003013374,TF,0
FALSE,FALSE,FALSE,1,0.561,0.561761915,6.28E-05,0.000973729,TF,0
FALSE,TRUE,FALSE,0.999,0.986,0.001364938,0.99064862,0.001263271,TI,1
FALSE,FALSE,FALSE,0.915,0.151,0.151089152,0.028050491,0.084351865,TF,0
FALSE,FALSE,FALSE,0.998,0.282,0.282630974,0.000606626,0.002893664,TF,0
FALSE,FALSE,FALSE,0.998,0.607,0.60630822,0.001048213,0.001046552,TF,0
FALSE,FALSE,FALSE,0.999,0.919,0.837244269,0.000606841,0.000396012,TF,0
FALSE,FALSE,FALSE,0.994,0.251,0.249700016,0.001810452,0.00492262,TF,0
FALSE,FALSE,FALSE,0.998,0.754,0.754335821,0.001025875,0.001453464,TF,0
FALSE,FALSE,FALSE,0.971,0.211,0.209746207,0.00296949,0.027956919,TF,0
FALSE,FALSE,FALSE,0.999,0.853,0.829881587,0.001105035,0.001146235,TF,0
FALSE,FALSE,FALSE,0.999,0.712,0.71183288,0.000336605,0.001204503,TF,0
FALSE,FALSE,FALSE,0.995,0.242,0.242462264,0.001939059,0.005632053,TF,0
FALSE,FALSE,FALSE,0.997,0.406,0.404521236,0.002313059,0.000505128,TF,0
FALSE,FALSE,FALSE,0.899,0.131,0.131557552,0.100799704,0.048161309,TF,0
FALSE,FALSE,FALSE,0.997,0.475,0.475753773,0.00028681,0.003096284,TF,0
TRUE,FALSE,FALSE,0.999,0.933,0.932824563,0.001155251,0.001607269,TF,0
FALSE,FALSE,FALSE,0.997,0.393,0.39374709,0.000994083,0.002385866,TF,0
FALSE,FALSE,FALSE,0.915,0.145,0.084474195,0.145775455,0.031067979,TI,1
FALSE,FALSE,FALSE,0.923,0.157,0.156216866,0.019070763,0.077814434,TF,0
FALSE,FALSE,FALSE,0.999,0.788,0.787872883,0.000457634,0.000923071,TF,0
FALSE,FALSE,FALSE,0.998,0.437,0.437918359,0.001365253,0.00267953,TF,0
FALSE,FALSE,FALSE,0.999,0.92,0.889558391,0.000580938,0.001088617,TF,0
FALSE,FALSE,TRUE,0.999,0.942,0.000733027,0.000389365,0.942988337,T-EV,2
FALSE,FALSE,FALSE,0.984,0.22,0.017617814,0.002529166,0.220381555,T-EV,2
FALSE,FALSE,FALSE,0.999,0.795,0.795113379,0.00068518,0.001243381,TF,0
FALSE,FALSE,FALSE,0.998,0.276,0.275831536,0.001207952,0.002928213,TF,0
FALSE,FALSE,FALSE,0.999,0.542,0.542470117,0.000683241,0.000928448,TF,0
FALSE,FALSE,FALSE,0.999,0.545,0.54443657,0.001605956,0.000277939,TF,0
FALSE,FALSE,FALSE,0.922,0.161,0.160690707,0.077941115,0.017620508,TF,0
FALSE,FALSE,FALSE,0.999,0.752,0.747610814,0.001174595,0.000903323,TF,0
FALSE,FALSE,FALSE,0.927,0.166,0.167365434,0.015865806,0.073341025,TF,0
FALSE,FALSE,FALSE,0.999,0.688,0.685024955,0.000267497,1.88E-05,TF,0
FALSE,FALSE,FALSE,0.998,0.892,0.894358029,0.001258873,0.000956936,TF,0
FALSE,FALSE,FALSE,0.999,0.55,0.550302851,0.001162507,0.001255661,TF,0
FALSE,FALSE,FALSE,0.999,0.496,0.496775532,0.00017358,0.001311186,TF,0
TRUE,FALSE,FALSE,0.999,0.872,0.83675078,0.00090861,0.000616833,TF,0
FALSE,FALSE,TRUE,0.999,0.978,0.000410853,0.001159217,0.978431423,T-EV,2
FALSE,FALSE,FALSE,0.997,0.264,0.264100145,0.001895698,0.001481393,TF,0
FALSE,FALSE,FALSE,0.998,0.398,0.398120379,0.000508489,0.00227834,TF,0
FALSE,FALSE,FALSE,0.994,0.245,0.246343942,0.002921753,0.005593348,TF,0
FALSE,FALSE,FALSE,0.889,0.121,0.121919961,0.111785039,0.047505109,TF,0
FALSE,FALSE,TRUE,0.999,0.945,0.001598473,0.000870456,0.943959957,T-EV,2
FALSE,FALSE,FALSE,0.998,0.3,0.300016462,0.000287072,0.002592899,TF,0
FALSE,FALSE,FALSE,0.997,0.426,0.426065394,0.001454234,0.003173337,TF,0
FALSE,FALSE,FALSE,0.983,0.22,0.220270393,0.001743967,0.017366318,TF,0
FALSE,FALSE,FALSE,0.998,0.763,0.762443774,3.13E-05,5.28E-05,TF,0
FALSE,FALSE,FALSE,0.998,0.585,0.584632956,0.000594764,0.000209419,TF,0
FALSE,FALSE,FALSE,1,0.782,0.78170939,0.000184502,0.001570105,TF,0
FALSE,FALSE,FALSE,0.994,0.248,0.24950866,0.001682525,0.004942386,TF,0
FALSE,FALSE,FALSE,0.999,0.672,0.677909412,7.37E-05,0.000592952,TF,0
FALSE,FALSE,FALSE,0.999,0.51,0.509009409,0.001275982,0.000450754,TF,0
FALSE,FALSE,FALSE,0.997,0.474,0.473538096,0.000193593,0.002338562,TF,0
FALSE,FALSE,FALSE,0.996,0.258,0.258630762,0.00232368,0.003523641,TF,0
FALSE,FALSE,FALSE,0.964,0.192,0.192867516,0.00261228,0.036759495,TF,0
FALSE,FALSE,FALSE,0.997,0.36,0.359221489,0.00093695,0.001700992,TF,0
FALSE,FALSE,FALSE,1,0.583,0.5813623,0.001453241,5.35E-05,TF,0
FALSE,FALSE,FALSE,0.995,0.25,0.249838617,0.002703068,0.005524937,TF,0
FALSE,FALSE,TRUE,0.999,0.979,0.001314967,0.001434963,0.97772745,T-EV,2
FALSE,FALSE,FALSE,0.988,0.228,0.227977705,0.002309408,0.011848959,TF,0
FALSE,FALSE,FALSE,0.985,0.223,0.223684469,0.002204428,0.015142124,TF,0
FALSE,FALSE,FALSE,0.998,0.497,0.496187364,0.000518464,0.000413119,TF,0
FALSE,FALSE,FALSE,0.934,0.18,0.179079601,0.065932687,0.004382755,TF,0
FALSE,FALSE,FALSE,0.998,0.299,0.29826748,0.001300594,0.003125851,TF,0
FALSE,FALSE,FALSE,0.997,0.303,0.303793495,0.00038777,0.00202747,TF,0
FALSE,FALSE,FALSE,0.998,0.389,0.387528457,0.002242562,0.000842803,TF,0
FALSE,FALSE,FALSE,0.994,0.242,0.243016509,0.001679956,0.006033061,TF,0
FALSE,FALSE,FALSE,0.998,0.392,0.391617121,0.000387252,0.002202242,TF,0
FALSE,FALSE,FALSE,0.999,0.884,0.912060646,0.000927783,0.001555393,TF,0
FALSE,FALSE,FALSE,0.994,0.245,0.245739683,0.003170436,0.004897658,TF,0
FALSE,FALSE,FALSE,0.999,0.737,0.728670296,0.001348776,0.00117032,TF,0
FALSE,TRUE,FALSE,0.999,0.981,0.000753168,0.981579768,0.00034152,TI,1
FALSE,FALSE,FALSE,0.968,0.208,0.208169128,0.001784689,0.031796603,TF,0
FALSE,FALSE,TRUE,0.999,0.966,0.000983127,0.000991339,0.965054876,T-EV,2
FALSE,FALSE,FALSE,0.888,0.122,0.121921233,0.111210744,0.0469282,TF,0
FALSE,FALSE,FALSE,0.997,0.265,0.264498161,0.002307768,0.000847032,TF,0
FALSE,FALSE,FALSE,0.975,0.213,0.212140553,0.003013927,0.025587412,TF,0
FALSE,FALSE,FALSE,0.998,0.321,0.320646624,0.001176009,0.002285852,TF,0
TRUE,FALSE,FALSE,0.999,0.917,0.836125535,0.001016155,0.000784088,TF,0
FALSE,FALSE,FALSE,0.998,0.265,0.264643594,0.001102137,0.002980982,TF,0
FALSE,FALSE,FALSE,0.999,0.786,0.00153198,0.000540316,0.786165477,T-EV,2
FALSE,FALSE,FALSE,0.999,0.867,0.836402778,0.000415466,0.00151072,TF,0
FALSE,FALSE,FALSE,0.956,0.192,0.192876459,0.002668644,0.044241283,TF,0
FALSE,FALSE,FALSE,1,0.716,0.715184386,0.001091918,0.000623623,TF,0
FALSE,FALSE,FALSE,0.997,0.398,0.398292317,0.000731921,0.002160526,TF,0
FALSE,FALSE,FALSE,0.999,0.662,0.662851471,0.000309602,0.00017061,TF,0
FALSE,FALSE,FALSE,0.997,0.384,0.384772979,0.000146554,0.002419902,TF,0
FALSE,FALSE,FALSE,0.998,0.611,0.611288884,0.000805848,0.000226743,TF,0
FALSE,FALSE,FALSE,1,0.521,0.520195501,0.000239446,0.001202179,TF,0
FALSE,FALSE,FALSE,0.969,0.208,0.207795788,0.002025716,0.031751179,TF,0
FALSE,FALSE,FALSE,0.911,0.136,0.136801425,0.046070925,0.089369344,TF,0
TRUE,FALSE,FALSE,0.999,0.913,0.899814496,0.000895698,0.001101676,TF,0
FALSE,FALSE,FALSE,0.998,0.382,0.381229706,0.000451666,0.002789621,TF,0
FALSE,FALSE,FALSE,0.999,0.613,0.611955687,0.001361618,0.000644725,TF,0
FALSE,FALSE,FALSE,0.935,0.174,0.176462479,0.067452369,0.043884241,TF,0
FALSE,FALSE,FALSE,0.9,0.135,0.135051787,0.067591642,0.099773486,TF,0
FALSE,FALSE,FALSE,0.925,0.162,0.075534993,0.161265074,0.015691132,TI,1
FALSE,FALSE,FALSE,0.999,0.501,0.000494608,0.000313852,0.501300703,T-EV,2
FALSE,TRUE,FALSE,1,0.981,0.000109143,0.982467706,0.0011309,TI,1
FALSE,FALSE,FALSE,0.997,0.426,0.426712074,0.001488518,0.002086165,TF,0
FALSE,FALSE,FALSE,0.998,0.317,0.316089614,0.000764355,0.001946715,TF,0
FALSE,FALSE,FALSE,0.999,0.746,0.748229348,0.000816022,0.001557641,TF,0
FALSE,FALSE,FALSE,0.889,0.127,0.111140284,0.124419654,0.060779162,TI,1
FALSE,FALSE,FALSE,0.999,0.697,0.69570642,0.000326167,0.001054864,TF,0
FALSE,FALSE,FALSE,0.997,0.372,0.372761652,0.000170381,0.002759163,TF,0
FALSE,FALSE,FALSE,1,0.896,0.912171381,0.001174649,0.00080564,TF,0
FALSE,FALSE,TRUE,0.999,0.959,0.001098288,0.001516841,0.958658498,T-EV,2
FALSE,FALSE,FALSE,0.997,0.481,0.481420129,4.02E-05,0.002946353,TF,0
TRUE,FALSE,FALSE,0.998,0.942,0.940998572,0.001336874,0.000617299,TF,0
FALSE,FALSE,FALSE,0.997,0.333,0.332649989,0.000641349,0.002658798,TF,0
FALSE,FALSE,TRUE,0.999,0.937,0.000691775,0.000226432,0.936552922,T-EV,2
FALSE,FALSE,FALSE,0.999,0.713,0.000182348,0.000316176,0.713332092,T-EV,2
FALSE,FALSE,FALSE,0.999,0.594,0.590561508,0.000216389,0.001158678,TF,0
FALSE,FALSE,FALSE,0.997,0.342,0.342077857,0.001365029,0.002921742,TF,0
FALSE,FALSE,FALSE,0.999,0.693,0.69178322,0.001218412,0.001471652,TF,0
FALSE,FALSE,FALSE,0.998,0.79,0.787915068,0.00090582,0.00108815,TF,0
FALSE,FALSE,FALSE,0.924,0.163,0.075416369,0.015410268,0.161031833,T-EV,2
FALSE,FALSE,FALSE,0.998,0.341,0.340151115,0.000873425,0.002357749,TF,0
FALSE,FALSE,FALSE,0.999,0.747,0.000156914,0.001328327,0.748006849,T-EV,2
FALSE,FALSE,FALSE,0.999,0.693,0.693064807,0.000397056,0.001194695,TF,0
FALSE,FALSE,FALSE,0.954,0.188,0.187900957,0.002429254,0.046166566,TF,0
FALSE,FALSE,FALSE,0.998,0.494,0.493528475,0.001175863,0.001587495,TF,0
FALSE,FALSE,TRUE,0.999,0.962,0.001418186,0.000813693,0.962514731,T-EV,2
FALSE,FALSE,TRUE,0.999,0.931,0.001223037,0.000915992,0.93114348,T-EV,2
FALSE,FALSE,FALSE,0.999,0.631,0.631721756,0.001023376,0.000328024,TF,0
FALSE,FALSE,FALSE,1,0.629,0.630375404,0.00148778,0.000565199,TF,0
FALSE,FALSE,FALSE,0.97,0.209,0.208066802,0.001924085,0.029003717,TF,0
FALSE,FALSE,FALSE,0.999,0.8,8.40E-05,0.000886325,0.799783508,T-EV,2
FALSE,FALSE,FALSE,0.998,0.34,0.340362313,0.001273111,0.002294858,TF,0
FALSE,FALSE,FALSE,0.998,0.894,0.859573201,0.000106563,0.00044887,TF,0
FALSE,FALSE,TRUE,0.999,0.966,0.000306543,0.001443124,0.96512182,T-EV,2
FALSE,FALSE,FALSE,0.999,0.687,0.684167777,0.000152113,0.000950441,TF,0
FALSE,FALSE,FALSE,0.934,0.175,0.17695565,0.065337721,0.043978859,TF,0
TRUE,FALSE,FALSE,0.999,0.947,0.946567405,0.000871297,0.001404674,TF,0
FALSE,FALSE,FALSE,0.999,0.789,0.788032709,0.001332813,0.000145103,TF,0
FALSE,FALSE,FALSE,0.998,0.496,0.496249176,0.000829338,0.001271606,TF,0
TRUE,FALSE,FALSE,1,0.936,0.936479178,0.000433442,0.000918202,TF,0
FALSE,FALSE,FALSE,0.999,0.504,0.504543676,0.001480194,0.000202837,TF,0
FALSE,FALSE,FALSE,0.999,0.596,0.598174741,0.001272064,0.001384371,TF,0
FALSE,FALSE,FALSE,0.999,0.707,0.707761923,0.001126938,0.000678298,TF,0
FALSE,TRUE,FALSE,0.999,0.943,0.001092706,0.942600102,0.001325089,TI,1
FALSE,FALSE,FALSE,0.998,0.467,0.46577979,0.00133212,0.002655823,TF,0
FALSE,FALSE,FALSE,1,0.785,0.784657241,0.000240282,0.000672855,TF,0
FALSE,FALSE,FALSE,0.997,0.323,0.322182646,0.000489105,0.0020374,TF,0
FALSE,FALSE,FALSE,0.997,0.32,0.318972168,0.00131144,0.002492267,TF,0
FALSE,FALSE,FALSE,0.999,0.714,0.713955436,0.001542675,0.001089822,TF,0
FALSE,FALSE,FALSE,0.999,0.795,0.794554158,0.001457863,0.000146243,TF,0
FALSE,FALSE,FALSE,0.999,0.595,0.593542561,0.000421326,0.000333553,TF,0
FALSE,FALSE,FALSE,0.998,0.414,0.414716902,0.001215649,0.002913894,TF,0
FALSE,FALSE,FALSE,0.999,0.818,0.817982127,0.000884268,0.000557164,TF,0
FALSE,FALSE,FALSE,0.999,0.715,0.71549889,0.001357197,0.001214811,TF,0
FALSE,FALSE,FALSE,0.974,0.21,0.209343491,0.001911635,0.025846187,TF,0
FALSE,FALSE,FALSE,0.989,0.234,0.010340775,0.002950936,0.233871049,T-EV,2
FALSE,FALSE,FALSE,0.936,0.177,0.179322952,0.065539539,0.003635901,TF,0
FALSE,FALSE,FALSE,0.999,0.772,0.77383851,0.001594455,0.000455649,TF,0
FALSE,FALSE,FALSE,0.989,0.234,0.234004162,0.002146663,0.010131598,TF,0
TRUE,FALSE,FALSE,0.999,0.865,0.868151759,0.000638204,0.001141089,TF,0
FALSE,FALSE,FALSE,0.999,0.565,0.565701973,0.000420696,0.001317831,TF,0
FALSE,FALSE,FALSE,0.999,0.892,0.846464031,0.001185996,6.53E-05,TF,0
FALSE,FALSE,FALSE,0.997,0.355,0.354975746,0.000280176,0.002426358,TF,0
FALSE,FALSE,FALSE,0.988,0.225,0.224885113,0.002719222,0.01228631,TF,0
FALSE,FALSE,FALSE,0.969,0.209,0.208707703,0.00288376,0.031332991,TF,0
FALSE,FALSE,FALSE,0.999,0.907,0.857773321,0.001137607,1.85E-05,TF,0
FALSE,FALSE,FALSE,0.999,0.811,0.813786598,0.001009749,0.000930234,TF,0
FALSE,FALSE,FALSE,0.998,0.341,0.341302068,0.001363722,0.001814304,TF,0
FALSE,FALSE,FALSE,0.969,0.208,0.209203909,0.002727488,0.03116768,TF,0
FALSE,TRUE,FALSE,0.999,0.994,0.000856692,0.993785815,0.001227834,TI,1
FALSE,FALSE,FALSE,0.91,0.14,0.139131919,0.087369642,0.043106833,TF,0
FALSE,FALSE,FALSE,0.997,0.296,0.294785057,0.001197127,0.002486104,TF,0
FALSE,FALSE,FALSE,1,0.794,0.794117387,0.000383739,0.001013758,TF,0
FALSE,FALSE,FALSE,0.915,0.146,0.145829356,0.03069301,0.085060972,TF,0
FALSE,FALSE,FALSE,0.989,0.235,0.23505872,0.001795454,0.010816198,TF,0
FALSE,FALSE,FALSE,0.997,0.466,0.466183165,0.00049568,0.002038839,TF,0
FALSE,FALSE,FALSE,0.934,0.175,0.175024805,0.006428245,0.067543693,TF,0
FALSE,FALSE,FALSE,0.935,0.176,0.176839609,0.004955198,0.065940096,TF,0
FALSE,FALSE,FALSE,0.889,0.126,0.111515196,0.1258217,0.059751063,TI,1
FALSE,FALSE,FALSE,0.998,0.301,0.302701093,0.001569883,0.002154931,TF,0
TRUE,FALSE,FALSE,0.999,0.932,0.932375609,0.000942689,0.000696674,TF,0
FALSE,FALSE,FALSE,0.997,0.389,0.388149363,0.000114289,0.002082113,TF,0
FALSE,FALSE,FALSE,0.998,0.53,0.530733285,0.001374462,0.00063896,TF,0
FALSE,FALSE,FALSE,0.999,0.795,0.795154072,0.001253137,0.000840128,TF,0
FALSE,FALSE,FALSE,0.999,0.587,0.586824864,0.000670084,0.000368201,TF,0
FALSE,TRUE,FALSE,0.999,0.973,0.001569771,0.973259251,0.001193427,TI,1
FALSE,FALSE,FALSE,0.998,0.448,0.448778758,0.001132121,0.002478441,TF,0
FALSE,FALSE,FALSE,0.997,0.311,0.310318975,0.00116934,0.002574599,TF,0
FALSE,FALSE,FALSE,0.997,0.473,0.473506239,0.000104916,0.001880343,TF,0
FALSE,FALSE,FALSE,0.91,0.141,0.139781507,0.087198388,0.042977619,TF,0
FALSE,FALSE,FALSE,0.998,0.83,0.898116481,0.00115731,0.000116234,TF,0
FALSE,FALSE,FALSE,0.999,0.524,0.524149261,0.00140982,0.001290477,TF,0
FALSE,FALSE,FALSE,0.889,0.125,0.11057868,0.122998995,0.060650025,TI,1
FALSE,FALSE,FALSE,0.969,0.209,0.208434883,0.031034106,0.0026328,TF,0
FALSE,FALSE,FALSE,0.916,0.143,0.14222299,0.084757031,0.030819704,TF,0
FALSE,FALSE,FALSE,0.998,0.546,0.547018138,0.000595116,0.000882744,TF,0