Line#,Block#,Pout,|COND|,P,Pe,Pmost,RP,Ndep,Ncon,Cdep,Blockbit,Branchbit,Maxbranchbit,Minbranchbit,Blockbranch,Rbit,NewRcond,Trojan?
157,1,1,1,0.5,0.5,0.5,1,0,1,1,134,1,128,1,13,5.830223881e-05,0.000816231,1
160,1,1,1,0.5,0.5,0.5,1,0,1,1,134,1,128,1,13,5.830223881e-05,0.000816231,1
161,1,0.5,4,0.25,0.125,0.5,0.5,0,1,1,134,1,128,1,13,5.830223881e-05,0.000816231,1
162,1,0.25,4,0.125,0.03125,0.5,0.25,0,1,1,134,1,128,1,13,5.830223881e-05,0.000816231,1
168,1,0.5,2,0.125,0.0625,0.5,0.25,0,1,1,134,1,128,1,13,5.830223881e-05,0.000816231,1
169,1,0.125,1,0.03125,0.00390625,0.5,0.0625,0,2,1,134,2,128,1,13,0.000116604,0.000874534,1
170,1,0.03125,1,9.183549616e-41,2.869859255e-42,0.5,1.836709923e-40,0,128,1,134,128,128,1,13,0.007462687,0.008220616,1
172,1,0.03125,0,0.03125,0.000976563,0.5,0.0625,0,128,1,134,128,128,1,13,0.007462687,0.008220616,1
177,1,0.5,1,0.0625,0.03125,0.5,0.125,0,1,1,134,1,128,1,13,5.830223881e-05,0.000816231,1
178,1,0.0625,1,0.03125,0.001953125,0.5,0.0625,0,1,1,134,1,128,1,13,5.830223881e-05,0.000816231,1
190,2,1,1,0.5,0.5,0.5,1,0,1,1,3,1,1,1,6,0.333333333,2.333333333,0
193,2,1,1,0.5,0.5,0.5,1,0,1,1,3,1,1,1,6,0.333333333,2.333333333,0
194,2,0.5,1,0.25,0.125,0.5,0.5,0,1,1,3,1,1,1,6,0.333333333,2.333333333,0
195,2,0.25,1,0.125,0.03125,0.5,0.25,0,1,1,3,1,1,1,6,0.333333333,2.333333333,0
201,2,0.5,1,0.25,0.125,0.5,0.5,0,1,1,3,1,1,1,6,0.333333333,2.333333333,0
212,3,1,1,0.5,0.5,0.5,1,0,1,1,5,1,1,1,9,0.2,2,0
216,3,1,1,0.5,0.5,0.5,1,0,1,1,5,1,1,1,9,0.2,2,0
217,3,0.5,1,0.25,0.125,0.5,0.5,0,1,1,5,1,1,1,9,0.2,2,0
218,3,0.25,1,0.125,0.03125,0.5,0.25,0,1,1,5,1,1,1,9,0.2,2,0
224,3,0.125,1,0.0625,0.0078125,0.5,0.125,0,1,1,5,1,1,1,9,0.2,2,0
226,3,0.125,1,0.0625,0.0078125,0.5,0.125,0,1,1,5,1,1,1,9,0.2,2,0
239,3,0.5,1,0.25,0.125,0.5,0.5,0,1,1,5,1,1,1,9,0.2,2,0
241,3,0.25,1,0.125,0.03125,0.5,0.25,0,1,1,5,1,1,1,9,0.2,2,0
243,3,0.25,1,0.125,0.03125,0.5,0.25,0,1,1,5,1,1,1,9,0.2,2,0
256,4,1,1,0.5,0.5,0.5,1,0,1,1,6,1,1,1,7,0.166666667,1.333333333,0
258,4,1,1,0.5,0.5,0.5,1,0,1,1,6,1,1,1,7,0.166666667,1.333333333,0
259,4,0.5,1,0.25,0.125,0.5,0.5,0,1,1,6,1,1,1,7,0.166666667,1.333333333,0
260,4,0.25,1,0.125,0.03125,0.5,0.25,0,1,1,6,1,1,1,7,0.166666667,1.333333333,0
265,4,0.5,1,0.25,0.125,0.5,0.5,0,1,1,6,1,1,1,7,0.166666667,1.333333333,0
266,4,0.25,1,0.125,0.03125,0.5,0.25,0,1,1,6,1,1,1,7,0.166666667,1.333333333,0
271,4,0.5,1,0.25,0.125,0.5,0.5,1,1,1,6,1,1,1,7,0.166666667,1.333333333,0
134,5,1,1,0.5,0.5,0.5,1,0,1,1,4,1,1,1,7,0.25,2,0
136,5,1,1,0.5,0.5,0.5,1,0,1,1,4,1,1,1,7,0.25,2,0
137,5,0.5,1,0.25,0.125,0.5,0.5,0,1,1,4,1,1,1,7,0.25,2,0
140,5,0.25,1,0.125,0.03125,0.5,0.25,0,1,1,4,1,1,1,7,0.25,2,0
148,5,0.5,1,0.25,0.125,0.5,0.5,0,1,1,4,1,1,1,7,0.25,2,0
151,5,0.25,1,0.125,0.03125,0.5,0.25,0,1,1,4,1,1,1,7,0.25,2,0
153,5,0.25,1,0.125,0.03125,0.5,0.25,1,1,1,4,1,1,1,7,0.25,2,0
148,0,1,1,2.938735877e-39,2.938735877e-39,1,2.938735877e-39,0,128,1,128,128,128,128,2,0.0078125,1.000122070,1
157,1,1,1,0.5,0.5,0.5,1,0,1,1,6,1,2,1,12,0.083333333,1.083333333,0
160,1,1,1,0.5,0.5,0.5,1,0,1,1,6,1,2,1,12,0.083333333,1.083333333,0
161,1,0.5,4,0.25,0.125,0.5,0.5,0,1,1,6,1,2,1,12,0.083333333,1.083333333,0
162,1,0.25,4,0.125,0.03125,0.5,0.25,0,1,1,6,1,2,1,12,0.083333333,1.083333333,0
168,1,0.5,2,0.125,0.0625,0.5,0.25,0,1,1,6,1,2,1,12,0.083333333,1.083333333,0
169,1,0.125,1,0.03125,0.00390625,0.5,0.0625,0,2,1,6,2,2,1,12,0.166666667,1.166666667,0
173,1,0.5,1,0.0625,0.03125,0.5,0.125,0,1,1,6,1,2,1,12,0.083333333,1.083333333,0
174,1,0.0625,1,0.03125,0.001953125,0.5,0.0625,0,1,1,6,1,2,1,12,0.083333333,1.083333333,0
190,2,1,1,0.5,0.5,0.5,1,0,1,1,3,1,1,1,6,0.333333333,2.333333333,0
193,2,1,1,0.5,0.5,0.5,1,0,1,1,3,1,1,1,6,0.333333333,2.333333333,0
194,2,0.5,1,0.25,0.125,0.5,0.5,0,1,1,3,1,1,1,6,0.333333333,2.333333333,0
195,2,0.25,1,0.125,0.03125,0.5,0.25,0,1,1,3,1,1,1,6,0.333333333,2.333333333,0
201,2,0.5,1,0.25,0.125,0.5,0.5,0,1,1,3,1,1,1,6,0.333333333,2.333333333,0
212,3,1,1,0.5,0.5,0.5,1,0,1,1,5,1,1,1,9,0.2,2,0
216,3,1,1,0.5,0.5,0.5,1,0,1,1,5,1,1,1,9,0.2,2,0
217,3,0.5,1,0.25,0.125,0.5,0.5,0,1,1,5,1,1,1,9,0.2,2,0
218,3,0.25,1,0.125,0.03125,0.5,0.25,0,1,1,5,1,1,1,9,0.2,2,0
224,3,0.125,1,0.0625,0.0078125,0.5,0.125,0,1,1,5,1,1,1,9,0.2,2,0
226,3,0.125,1,0.0625,0.0078125,0.5,0.125,0,1,1,5,1,1,1,9,0.2,2,0
239,3,0.5,1,0.25,0.125,0.5,0.5,0,1,1,5,1,1,1,9,0.2,2,0
241,3,0.25,1,0.125,0.03125,0.5,0.25,0,1,1,5,1,1,1,9,0.2,2,0
243,3,0.25,1,0.125,0.03125,0.5,0.25,0,1,1,5,1,1,1,9,0.2,2,0
256,4,1,1,0.5,0.5,0.5,1,0,1,1,6,1,1,1,7,0.166666667,1.333333333,0
258,4,1,1,0.5,0.5,0.5,1,0,1,1,6,1,1,1,7,0.166666667,1.333333333,0
259,4,0.5,1,0.25,0.125,0.5,0.5,0,1,1,6,1,1,1,7,0.166666667,1.333333333,0
260,4,0.25,1,0.125,0.03125,0.5,0.25,0,1,1,6,1,1,1,7,0.166666667,1.333333333,0
265,4,0.5,1,0.25,0.125,0.5,0.5,0,1,1,6,1,1,1,7,0.166666667,1.333333333,0
266,4,0.25,1,0.125,0.03125,0.5,0.25,0,1,1,6,1,1,1,7,0.166666667,1.333333333,0
271,4,0.5,1,0.25,0.125,0.5,0.5,1,1,1,6,1,1,1,7,0.166666667,1.333333333,0
134,5,1,1,0.5,0.5,0.5,1,0,1,1,4,1,1,1,7,0.25,2,0
136,5,1,1,0.5,0.5,0.5,1,0,1,1,4,1,1,1,7,0.25,2,0
137,5,0.5,1,0.25,0.125,0.5,0.5,0,1,1,4,1,1,1,7,0.25,2,0
140,5,0.25,1,0.125,0.03125,0.5,0.25,0,1,1,4,1,1,1,7,0.25,2,0
148,5,0.5,1,0.25,0.125,0.5,0.5,0,1,1,4,1,1,1,7,0.25,2,0
151,5,0.25,1,0.125,0.03125,0.5,0.25,0,1,1,4,1,1,1,7,0.25,2,0
153,5,0.25,1,0.125,0.03125,0.5,0.25,1,1,1,4,1,1,1,7,0.25,2,0
162,0,1,1,0.5,0.5,0.5,1,0,1,1,2,1,1,1,4,0.5,2.5,1
164,0,1,1,0.5,0.5,0.5,1,0,1,1,2,1,1,1,4,0.5,2.5,1
165,0,0.5,1,0.25,0.125,0.5,0.5,0,1,1,2,1,1,1,4,0.5,2.5,1
174,0.5,1,1,0.5,0.5,1,0.5,0,1,1,129,1,128,1,3,6.056201550e-05,0.000242248,1
176,0.5,1,1,1.469367939e-39,1.469367939e-39,1,1.469367939e-39,0,1,1,129,128,128,1,3,0.007751938,0.007933624,1
186,1,1,1,0.5,0.5,0.5,1,0,1,1,134,1,128,1,13,5.830223881e-05,0.000816231,1
189,1,1,1,0.5,0.5,0.5,1,0,1,1,134,1,128,1,13,5.830223881e-05,0.000816231,1
190,1,0.5,4,0.25,0.125,0.5,0.5,0,1,1,134,1,128,1,13,5.830223881e-05,0.000816231,1
191,1,0.25,4,0.125,0.03125,0.5,0.25,0,1,1,134,1,128,1,13,5.830223881e-05,0.000816231,1
197,1,0.5,2,0.125,0.0625,0.5,0.25,0,1,1,134,1,128,1,13,5.830223881e-05,0.000816231,1
198,1,0.125,1,0.03125,0.00390625,0.5,0.0625,0,2,1,134,2,128,1,13,0.000116604,0.000874534,1
200,1,0.03125,1,9.183549616e-41,2.869859255e-42,0.5,1.836709923e-40,0,128,1,134,128,128,1,13,0.007462687,0.008220616,1
202,1,0.03125,0,0.03125,0.000976563,0.5,0.0625,0,128,1,134,128,128,1,13,0.007462687,0.008220616,1
209,1,0.5,1,0.0625,0.03125,0.5,0.125,0,1,1,134,1,128,1,13,5.830223881e-05,0.000816231,1
210,1,0.0625,1,0.03125,0.001953125,0.5,0.0625,0,1,1,134,1,128,1,13,5.830223881e-05,0.000816231,1
222,2,1,1,0.5,0.5,0.5,1,0,1,1,3,1,1,1,6,0.333333333,2.333333333,0
225,2,1,1,0.5,0.5,0.5,1,0,1,1,3,1,1,1,6,0.333333333,2.333333333,0
226,2,0.5,1,0.25,0.125,0.5,0.5,0,1,1,3,1,1,1,6,0.333333333,2.333333333,0
227,2,0.25,1,0.125,0.03125,0.5,0.25,0,1,1,3,1,1,1,6,0.333333333,2.333333333,0
233,2,0.5,1,0.25,0.125,0.5,0.5,0,1,1,3,1,1,1,6,0.333333333,2.333333333,0
244,3,1,1,0.5,0.5,0.5,1,0,1,1,5,1,1,1,9,0.2,2,0
248,3,1,1,0.5,0.5,0.5,1,0,1,1,5,1,1,1,9,0.2,2,0
249,3,0.5,1,0.25,0.125,0.5,0.5,0,1,1,5,1,1,1,9,0.2,2,0
250,3,0.25,1,0.125,0.03125,0.5,0.25,0,1,1,5,1,1,1,9,0.2,2,0
256,3,0.125,1,0.0625,0.0078125,0.5,0.125,0,1,1,5,1,1,1,9,0.2,2,0
258,3,0.125,1,0.0625,0.0078125,0.5,0.125,0,1,1,5,1,1,1,9,0.2,2,0
271,3,0.5,1,0.25,0.125,0.5,0.5,0,1,1,5,1,1,1,9,0.2,2,0
273,3,0.25,1,0.125,0.03125,0.5,0.25,0,1,1,5,1,1,1,9,0.2,2,0
275,3,0.25,1,0.125,0.03125,0.5,0.25,0,1,1,5,1,1,1,9,0.2,2,0
288,4,1,1,0.5,0.5,0.5,1,0,1,1,6,1,1,1,7,0.166666667,1.333333333,0
290,4,1,1,0.5,0.5,0.5,1,0,1,1,6,1,1,1,7,0.166666667,1.333333333,0
291,4,0.5,1,0.25,0.125,0.5,0.5,0,1,1,6,1,1,1,7,0.166666667,1.333333333,0
292,4,0.25,1,0.125,0.03125,0.5,0.25,0,1,1,6,1,1,1,7,0.166666667,1.333333333,0
297,4,0.5,1,0.25,0.125,0.5,0.5,0,1,1,6,1,1,1,7,0.166666667,1.333333333,0
298,4,0.25,1,0.125,0.03125,0.5,0.25,0,1,1,6,1,1,1,7,0.166666667,1.333333333,0
303,4,0.5,1,0.25,0.125,0.5,0.5,1,1,1,6,1,1,1,7,0.166666667,1.333333333,0
134,5,1,1,0.5,0.5,0.5,1,0,1,1,4,1,1,1,7,0.25,2,0
136,5,1,1,0.5,0.5,0.5,1,0,1,1,4,1,1,1,7,0.25,2,0
137,5,0.5,1,0.25,0.125,0.5,0.5,0,1,1,4,1,1,1,7,0.25,2,0
140,5,0.25,1,0.125,0.03125,0.5,0.25,0,1,1,4,1,1,1,7,0.25,2,0
148,5,0.5,1,0.25,0.125,0.5,0.5,0,1,1,4,1,1,1,7,0.25,2,0
151,5,0.25,1,0.125,0.03125,0.5,0.25,0,1,1,4,1,1,1,7,0.25,2,0
153,5,0.25,1,0.125,0.03125,0.5,0.25,1,1,1,4,1,1,1,7,0.25,2,0
163,0,1,1,0.5,0.5,0.5,1,0,1,1,2,1,1,1,4,0.5,2.5,1
165,0,1,1,0.5,0.5,0.5,1,0,1,1,2,1,1,1,4,0.5,2.5,1
166,0,0.5,1,0.25,0.125,0.5,0.5,0,1,1,2,1,1,1,4,0.5,2.5,1
175,0.5,1,1,0.5,0.5,1,0.5,0,1,1,129,1,128,1,3,6.056201550e-05,0.000242248,1
177,0.5,1,1,1.469367939e-39,1.469367939e-39,1,1.469367939e-39,0,1,1,129,128,128,1,3,0.007751938,0.007933624,1
185,0.75,1,1,1.469367939e-39,1.469367939e-39,1,1.469367939e-39,0,1,1,129,128,128,1,3,0.007751938,0.007933624,1
187,0.75,1,0,1,1,1,1,0,1,1,129,128,128,1,3,0.007751938,0.007933624,1
197,1,1,1,0.5,0.5,0.5,1,0,1,1,6,1,2,1,12,0.083333333,1.083333333,0
200,1,1,1,0.5,0.5,0.5,1,0,1,1,6,1,2,1,12,0.083333333,1.083333333,0
201,1,0.5,4,0.25,0.125,0.5,0.5,0,1,1,6,1,2,1,12,0.083333333,1.083333333,0
202,1,0.25,4,0.125,0.03125,0.5,0.25,0,1,1,6,1,2,1,12,0.083333333,1.083333333,0
208,1,0.5,2,0.125,0.0625,0.5,0.25,0,1,1,6,1,2,1,12,0.083333333,1.083333333,0
209,1,0.125,1,0.03125,0.00390625,0.5,0.0625,0,2,1,6,2,2,1,12,0.166666667,1.166666667,0
213,1,0.5,1,0.0625,0.03125,0.5,0.125,0,1,1,6,1,2,1,12,0.083333333,1.083333333,0
214,1,0.0625,1,0.03125,0.001953125,0.5,0.0625,0,1,1,6,1,2,1,12,0.083333333,1.083333333,0
226,2,1,1,0.5,0.5,0.5,1,0,1,1,3,1,1,1,6,0.333333333,2.333333333,0
229,2,1,1,0.5,0.5,0.5,1,0,1,1,3,1,1,1,6,0.333333333,2.333333333,0
230,2,0.5,1,0.25,0.125,0.5,0.5,0,1,1,3,1,1,1,6,0.333333333,2.333333333,0
231,2,0.25,1,0.125,0.03125,0.5,0.25,0,1,1,3,1,1,1,6,0.333333333,2.333333333,0
237,2,0.5,1,0.25,0.125,0.5,0.5,0,1,1,3,1,1,1,6,0.333333333,2.333333333,0
248,3,1,1,0.5,0.5,0.5,1,0,1,1,5,1,1,1,9,0.2,2,0
252,3,1,1,0.5,0.5,0.5,1,0,1,1,5,1,1,1,9,0.2,2,0
253,3,0.5,1,0.25,0.125,0.5,0.5,0,1,1,5,1,1,1,9,0.2,2,0
254,3,0.25,1,0.125,0.03125,0.5,0.25,0,1,1,5,1,1,1,9,0.2,2,0
260,3,0.125,1,0.0625,0.0078125,0.5,0.125,0,1,1,5,1,1,1,9,0.2,2,0
262,3,0.125,1,0.0625,0.0078125,0.5,0.125,0,1,1,5,1,1,1,9,0.2,2,0
275,3,0.5,1,0.25,0.125,0.5,0.5,0,1,1,5,1,1,1,9,0.2,2,0
277,3,0.25,1,0.125,0.03125,0.5,0.25,0,1,1,5,1,1,1,9,0.2,2,0
279,3,0.25,1,0.125,0.03125,0.5,0.25,0,1,1,5,1,1,1,9,0.2,2,0
292,4,1,1,0.5,0.5,0.5,1,0,1,1,6,1,1,1,7,0.166666667,1.333333333,0
294,4,1,1,0.5,0.5,0.5,1,0,1,1,6,1,1,1,7,0.166666667,1.333333333,0
295,4,0.5,1,0.25,0.125,0.5,0.5,0,1,1,6,1,1,1,7,0.166666667,1.333333333,0
296,4,0.25,1,0.125,0.03125,0.5,0.25,0,1,1,6,1,1,1,7,0.166666667,1.333333333,0
301,4,0.5,1,0.25,0.125,0.5,0.5,0,1,1,6,1,1,1,7,0.166666667,1.333333333,0
302,4,0.25,1,0.125,0.03125,0.5,0.25,0,1,1,6,1,1,1,7,0.166666667,1.333333333,0
307,4,0.5,1,0.25,0.125,0.5,0.5,1,1,1,6,1,1,1,7,0.166666667,1.333333333,0
134,5,1,1,0.5,0.5,0.5,1,0,1,1,4,1,1,1,7,0.25,2,0
136,5,1,1,0.5,0.5,0.5,1,0,1,1,4,1,1,1,7,0.25,2,0
137,5,0.5,1,0.25,0.125,0.5,0.5,0,1,1,4,1,1,1,7,0.25,2,0
140,5,0.25,1,0.125,0.03125,0.5,0.25,0,1,1,4,1,1,1,7,0.25,2,0
148,5,0.5,1,0.25,0.125,0.5,0.5,0,1,1,4,1,1,1,7,0.25,2,0
151,5,0.25,1,0.125,0.03125,0.5,0.25,0,1,1,4,1,1,1,7,0.25,2,0
153,5,0.25,1,0.125,0.03125,0.5,0.25,1,1,1,4,1,1,1,7,0.25,2,0
12,0,1,1,1,1,1,1,0,1,1,20,20,20,20,1,0.05,1.0025,0
13,1,1,1,1,1,1,1,0,1,1,4,4,4,4,1,0.25,1.0625,1
16,2,1,1,0.5,0.5,0.5,1,0,1,1,1,1,1,1,2,1,3,0
18,2,1,1,0.5,0.5,0.5,1,0,1,1,1,1,1,1,2,1,3,0
12,0,1,1,1,1,1,1,0,1,1,20,20,20,20,1,0.05,1.0025,0
13,1,1,1,1,1,1,1,0,1,1,4,4,4,4,1,0.25,1.0625,1
16,2,1,1,0.5,0.5,0.5,1,0,1,1,1,1,1,1,2,1,3,0
18,2,1,1,0.5,0.5,0.5,1,0,1,1,1,1,1,1,2,1,3,0
64-132,1,1,1,0.5,0.5,0.5,1,0,1,1,2,1,1,1,3,0.5,2,0
64-132,1,1,1,0.25,0.25,0.5,0.5,0,1,1,2,1,1,1,3,0.5,2,0
33-40,1,1,1,1,1,1,1,0,1,1,128,128,128,128,1,0.0078125,1.000061035,0
80,2,1,1,1,1,1,1,0,1,1,128,128,128,128,1,0.0078125,1.000061035,0
82,3,1,1,1,1,1,1,0,1,1,128,32,32,32,4,0.0078125,0.250976563,0
83,3,1,1,1,1,1,1,0,1,1,128,32,32,32,4,0.0078125,0.250976563,0
84,3,1,1,1,1,1,1,0,1,1,128,32,32,32,4,0.0078125,0.250976563,0
85,3,1,1,1,1,1,1,0,1,1,128,32,32,32,4,0.0078125,0.250976563,0
93-96,4,1,1,1,1,1,1,0,1,1,32,32,32,32,1,0.03125,1.000976563,0
101,5,1,1,1,1,1,1,0,1,1,128,128,128,128,1,0.0078125,1.000061035,1
40,1,1,8,0.5,0.5,0.5,1,0,1,1,4,1,2,1,4,0.125,0.625,1
41,1,1,2,0.125,0.125,0.5,0.25,1,3,0.333333333,4,2,2,1,4,0.25,0.75,1
42,1,1,2,0.125,0.125,0.5,0.25,1,3,0.333333333,4,2,2,1,4,0.25,0.75,1
43,1,1,4,0.25,0.25,0.5,0.5,0,1,1,4,1,2,1,4,0.125,0.625,1
48,2,1,1,2.94e-33,2.94e-33,0.9999,2.940294029e-33,0,128,1,128,128,128,128,2,0.0078125,1.000122070,1
50,2,1,0,0.9999,0.9999,0.9999,1,0,128,1,128,128,128,128,2,0.0078125,1.000122070,1
35,1,1,3,0.75,0.75,0.5,1.5,0,1,1,2,2,2,2,2,0.5,1.5,0
37,1,1,1,0.25,0.25,0.5,0.5,0,1,1,2,2,2,2,2,0.5,1.5,0
44,2,1,1,0.5,0.5,0.5,1,0,1,1,1,1,1,1,2,1,3,0
46,2,1,1,0.5,0.5,0.5,1,0,1,1,1,1,1,1,2,1,3,0
57,1,1,1,0.5,0.5,0.5,1,0,1,1,2,1,1,1,3,0.5,2,0
59,1,1,1,0.25,0.25,0.5,0.5,0,1,1,2,1,1,1,3,0.5,2,0
34,2,1,1,0.5,0.5,0.5,1,0,1,1,132,1,129,1,6,5.872680291e-05,0.000411088,1
39,2,1,1,1.47e-33,1.47e-33,0.5,2.94e-33,0,132,1,132,128,129,1,6,0.007517031,0.007869392,1
41,2,1,1,7.35e-34,7.35e-34,0.5,1.47e-33,0,132,1,132,129,129,1,6,0.007575758,0.007928118,1
43,2,1,1,7.35e-34,7.35e-34,0.5,1.47e-33,0,132,1,132,129,129,1,6,0.007575758,0.007928118,1
45,2,1,1,7.35e-34,7.35e-34,0.5,1.47e-33,0,132,1,132,129,129,1,6,0.007575758,0.007928118,1
35,1,1,1,0.5,0.5,0.5,1,0,1,1,1,1,1,1,2,1,3,0
37,1,1,1,0.5,0.5,0.5,1,0,1,1,1,1,1,1,2,1,3,0
43,2,1,1,0.5,0.5,0.5,1,0,1,1,1,1,1,1,2,1,3,0
45,2,1,1,0.5,0.5,0.5,1,0,1,1,1,1,1,1,2,1,3,0
40,1,1,1,0.5,0.5,0.5,1,0,1,1,4,1,3,1,4,0.083333333,0.416666667,1
41,1,1,2,0.125,0.125,0.5,0.25,1,3,0.333333333,4,3,3,1,4,0.25,0.583333333,1
42,1,1,2,0.125,0.125,0.5,0.25,1,3,0.333333333,4,3,3,1,4,0.25,0.583333333,1
43,1,1,4,0.25,0.25,0.5,0.5,0,1,1,4,1,3,1,4,0.083333333,0.416666667,1
48,2,1,1,2.94e-33,2.94e-33,0.9999,2.940294029e-33,0,128,1,128,128,128,128,2,0.0078125,1.000122070,1
50,2,1,0,0.9999,0.9999,0.9999,1,0,128,1,128,128,128,128,2,0.0078125,1.000122070,1
15,1,1,1,0.5,0.5,0.5,1,0,1,1,2,1,1,1,4,0.5,2.5,0
18,1,1,1,0.5,0.5,0.5,1,0,1,1,2,1,1,1,4,0.5,2.5,0
19,1,0.5,1,0.25,0.125,0.5,0.5,0,2,1,2,1,1,1,4,0.5,2.5,0
21,1,0.5,1,0.25,0.125,0.5,0.5,0,2,1,2,1,1,1,4,0.5,2.5,0
35,1,1,1,0.5,0.5,0.5,1,0,1,1,1,1,1,1,2,1,3,0
37,1,1,1,0.5,0.5,0.5,1,0,1,1,1,1,1,1,2,1,3,0
31,1,1,1,0.5,0.5,0.5,1,0,1,1,129,1,128,1,3,6.056201550e-05,0.000242248,1
33,1,1,1,1.47e-33,1.47e-33,0.5,2.94e-33,0,129,1,129,128,128,1,3,0.007751938,0.007933624,1
16,1,1,1,0.5,0.5,0.5,1,0,1,1,2,1,1,1,4,0.5,2.5,0
18,1,1,1,0.5,0.5,0.5,1,0,1,1,2,1,1,1,4,0.5,2.5,0
19,1,0.5,1,0.25,0.125,0.5,0.5,0,2,1,2,1,1,1,4,0.5,2.5,0
35,1,1,1,0.5,0.5,0.5,1,0,1,1,1,1,1,1,2,1,3,0
37,1,1,1,0.5,0.5,0.5,1,0,1,1,1,1,1,1,2,1,3,0
32,1,1,1,0.5,0.5,0.5,1,0,1,1,132,1,129,1,6,5.872680291e-05,0.000411088,1
37,1,1,1,1.47e-33,1.47e-33,0.5,2.94e-33,0,132,1,132,128,129,1,6,0.007517031,0.007869392,1
39,1,1,1,7.35e-34,7.35e-34,0.5,1.47e-33,0,132,1,132,129,129,1,6,0.007575758,0.007928118,1
41,1,1,1,7.35e-34,7.35e-34,0.5,1.47e-33,0,132,1,132,129,129,1,6,0.007575758,0.007928118,1
43,1,1,1,7.35e-34,7.35e-34,0.5,1.47e-33,0,132,1,132,129,129,1,6,0.007575758,0.007928118,1
16,1,1,1,0.5,0.5,0.5,1,0,1,1,2,1,1,1,4,0.5,2.5,0
18,1,1,1,0.5,0.5,0.5,1,0,1,1,2,1,1,1,4,0.5,2.5,0
19,1,0.5,1,0.25,0.125,0.5,0.5,0,2,1,2,1,1,1,4,0.5,2.5,0
35,1,1,1,0.5,0.5,0.5,1,0,1,1,1,1,1,1,2,1,3,0
37,1,1,1,0.5,0.5,0.5,1,0,1,1,1,1,1,1,2,1,3,0
32,1,1,1,0.5,0.5,0.5,1,0,1,1,1,1,1,1,2,1,3,0
34,1,1,1,0.5,0.5,0.5,1,0,1,1,1,1,1,1,2,1,3,0
41,2,1,1,0.5,0.5,0.5,1,0,1,1,129,1,128,1,3,6.056201550e-05,0.000242248,1
43,2,1,1,1.47e-33,1.47e-33,0.5,2.94e-33,0,129,1,129,128,128,1,3,0.007751938,0.007933624,1
45,2,1,0,0.5,0.5,0.5,1,0,129,1,129,1,128,1,3,6.056201550e-05,0.000242248,1
17,1,1,1,0.5,0.5,0.5,1,0,1,1,2,1,1,1,4,0.5,2.5,0
19,1,1,1,0.5,0.5,0.5,1,0,1,1,2,1,1,1,4,0.5,2.5,0
20,1,0.5,1,0.25,0.125,0.5,0.5,0,2,1,2,1,1,1,4,0.5,2.5,0
22,1,0.5,1,0.25,0.125,0.5,0.5,0,2,1,2,1,1,1,4,0.5,2.5,0
31,1,1,1,0.5,0.5,0.5,1,0,1,1,129,1,128,1,3,6.056201550e-05,0.000242248,1
33,1,1,1,1.47e-33,1.47e-33,0.5,2.94e-33,0,129,1,129,128,128,1,3,0.007751938,0.007933624,1
17,1,1,1,0.5,0.5,0.5,1,0,1,1,2,1,1,1,4,0.5,2.5,0
19,1,1,1,0.5,0.5,0.5,1,0,1,1,2,1,1,1,4,0.5,2.5,0
20,1,0.5,1,0.25,0.125,0.5,0.5,0,2,1,2,1,1,1,4,0.5,2.5,0
32,1,1,1,0.5,0.5,0.5,1,0,1,1,132,1,129,1,6,5.872680291e-05,0.000411088,1
37,1,1,1,1.47e-33,1.47e-33,0.5,2.94e-33,0,132,1,132,128,129,1,6,0.007517031,0.007869392,1
39,1,1,1,7.35e-34,7.35e-34,0.5,1.47e-33,0,132,1,132,129,129,1,6,0.007575758,0.007928118,1
41,1,1,1,7.35e-34,7.35e-34,0.5,1.47e-33,0,132,1,132,129,129,1,6,0.007575758,0.007928118,1
43,1,1,1,7.35e-34,7.35e-34,0.5,1.47e-33,0,132,1,132,129,129,1,6,0.007575758,0.007928118,1
17,1,1,1,0.5,0.5,0.5,1,0,1,1,2,1,1,1,4,0.5,2.5,0
19,1,1,1,0.5,0.5,0.5,1,0,1,1,2,1,1,1,4,0.5,2.5,0
20,1,0.5,1,0.25,0.125,0.5,0.5,0,2,1,2,1,1,1,4,0.5,2.5,0
32,1,1,1,0.5,0.5,0.5,1,0,1,1,1,1,1,1,2,1,3,0
34,1,1,1,0.5,0.5,0.5,1,0,1,1,1,1,1,1,2,1,3,0
41,2,1,1,0.5,0.5,0.5,1,0,1,1,129,1,128,1,3,6.056201550e-05,0.000242248,1
43,2,1,1,1.47e-33,1.47e-33,0.5,2.94e-33,0,129,1,129,128,128,1,3,0.007751938,0.007933624,1
45,2,1,0,0.5,0.5,0.5,1,0,129,1,129,1,128,1,3,6.056201550e-05,0.000242248,1
64,1,1,1,0.5,0.5,0.5,1,0,1,1,2,1,1,1,3,0.5,2,0
66,1,1,1,0.25,0.25,0.5,0.5,0,2,1,2,1,1,1,3,0.5,2,0
73,2,1,1,0.5,0.5,0.5,1,0,1,1,2,1,1,1,3,0.5,2,0
75,2,1,1,0.25,0.25,0.5,0.5,0,2,1,2,1,1,1,3,0.5,2,0
82,3,1,1,0.5,0.5,0.5,1,0,1,1,2,1,1,1,3,0.5,2,0
84,3,1,1,0.25,0.25,0.5,0.5,0,2,1,2,1,1,1,3,0.5,2,0
91,4,1,1,0.5,0.5,0.5,1,0,1,1,2,1,1,1,3,0.5,2,0
93,4,1,1,0.25,0.25,0.5,0.5,0,2,1,2,1,1,1,3,0.5,2,0
100,5,1,1,0.5,0.5,0.5,1,0,1,1,2,1,1,1,3,0.5,2,0
102,5,1,1,0.25,0.25,0.5,0.5,0,2,1,2,1,1,1,3,0.5,2,0
109,6,1,1,0.5,0.5,0.5,1,0,1,1,2,1,1,1,3,0.5,2,0
111,6,1,1,0.25,0.25,0.5,0.5,0,2,1,2,1,1,1,3,0.5,2,0
118,7,1,1,0.5,0.5,0.5,1,0,1,1,2,1,1,1,3,0.5,2,0
120,7,1,1,0.25,0.25,0.5,0.5,0,2,1,2,1,1,1,3,0.5,2,0
127,8,1,1,0.5,0.5,0.5,1,0,1,1,2,1,1,1,3,0.5,2,0
129,8,1,1,0.25,0.25,0.5,0.5,0,2,1,2,1,1,1,3,0.5,2,0
31,1,1,1,0.5,0.5,0.5,1,0,1,1,129,1,128,1,3,6.056201550e-05,0.000242248,1
33,1,1,1,1.47e-33,1.47e-33,0.5,2.94e-33,0,129,1,129,128,128,1,3,0.007751938,0.007933624,1
64,1,1,1,0.5,0.5,0.5,1,0,1,1,2,1,1,1,3,0.5,2,0
66,1,1,1,0.25,0.25,0.5,0.5,0,2,1,2,1,1,1,3,0.5,2,0
73,2,1,1,0.5,0.5,0.5,1,0,1,1,2,1,1,1,3,0.5,2,0
75,2,1,1,0.25,0.25,0.5,0.5,0,2,1,2,1,1,1,3,0.5,2,0
82,3,1,1,0.5,0.5,0.5,1,0,1,1,2,1,1,1,3,0.5,2,0
84,3,1,1,0.25,0.25,0.5,0.5,0,2,1,2,1,1,1,3,0.5,2,0
91,4,1,1,0.5,0.5,0.5,1,0,1,1,2,1,1,1,3,0.5,2,0
93,4,1,1,0.25,0.25,0.5,0.5,0,2,1,2,1,1,1,3,0.5,2,0
100,5,1,1,0.5,0.5,0.5,1,0,1,1,2,1,1,1,3,0.5,2,0
102,5,1,1,0.25,0.25,0.5,0.5,0,2,1,2,1,1,1,3,0.5,2,0
109,6,1,1,0.5,0.5,0.5,1,0,1,1,2,1,1,1,3,0.5,2,0
111,6,1,1,0.25,0.25,0.5,0.5,0,2,1,2,1,1,1,3,0.5,2,0
118,7,1,1,0.5,0.5,0.5,1,0,1,1,2,1,1,1,3,0.5,2,0
120,7,1,1,0.25,0.25,0.5,0.5,0,2,1,2,1,1,1,3,0.5,2,0
127,8,1,1,0.5,0.5,0.5,1,0,1,1,2,1,1,1,3,0.5,2,0
129,8,1,1,0.25,0.25,0.5,0.5,0,2,1,2,1,1,1,3,0.5,2,0
32,1,1,1,0.5,0.5,0.5,1,0,1,1,132,1,129,1,6,5.872680291e-05,0.000411088,1
37,1,1,1,1.47e-33,1.47e-33,0.5,2.94e-33,0,132,1,132,128,129,1,6,0.007517031,0.007869392,1
39,1,1,1,7.35e-34,7.35e-34,0.5,1.47e-33,0,132,1,132,129,129,1,6,0.007575758,0.007928118,1
41,1,1,1,7.35e-34,7.35e-34,0.5,1.47e-33,0,132,1,132,129,129,1,6,0.007575758,0.007928118,1
43,1,1,1,7.35e-34,7.35e-34,0.5,1.47e-33,0,132,1,132,129,129,1,6,0.007575758,0.007928118,1
64,1,1,1,0.5,0.5,0.5,1,0,1,1,2,1,1,1,3,0.5,2,0
66,1,1,1,0.25,0.25,0.5,0.5,0,2,1,2,1,1,1,3,0.5,2,0
73,2,1,1,0.5,0.5,0.5,1,0,1,1,2,1,1,1,3,0.5,2,0
75,2,1,1,0.25,0.25,0.5,0.5,0,2,1,2,1,1,1,3,0.5,2,0
82,3,1,1,0.5,0.5,0.5,1,0,1,1,2,1,1,1,3,0.5,2,0
84,3,1,1,0.25,0.25,0.5,0.5,0,2,1,2,1,1,1,3,0.5,2,0
91,4,1,1,0.5,0.5,0.5,1,0,1,1,2,1,1,1,3,0.5,2,0
93,4,1,1,0.25,0.25,0.5,0.5,0,2,1,2,1,1,1,3,0.5,2,0
100,5,1,1,0.5,0.5,0.5,1,0,1,1,2,1,1,1,3,0.5,2,0
102,5,1,1,0.25,0.25,0.5,0.5,0,2,1,2,1,1,1,3,0.5,2,0
109,6,1,1,0.5,0.5,0.5,1,0,1,1,2,1,1,1,3,0.5,2,0
111,6,1,1,0.25,0.25,0.5,0.5,0,2,1,2,1,1,1,3,0.5,2,0
118,7,1,1,0.5,0.5,0.5,1,0,1,1,2,1,1,1,3,0.5,2,0
120,7,1,1,0.25,0.25,0.5,0.5,0,2,1,2,1,1,1,3,0.5,2,0
127,8,1,1,0.5,0.5,0.5,1,0,1,1,2,1,1,1,3,0.5,2,0
129,8,1,1,0.25,0.25,0.5,0.5,0,2,1,2,1,1,1,3,0.5,2,0
32,1,1,1,0.5,0.5,0.5,1,0,1,1,1,1,1,1,2,1,3,0
34,1,1,1,0.5,0.5,0.5,1,0,1,1,1,1,1,1,2,1,3,0
41,2,1,1,0.5,0.5,0.5,1,0,1,1,129,1,128,1,3,6.056201550e-05,0.000242248,1
43,2,1,1,1.47e-33,1.47e-33,0.5,2.94e-33,0,129,1,129,128,128,1,3,0.007751938,0.007933624,1
45,2,1,0,0.5,0.5,0.5,1,0,129,1,129,1,128,1,3,6.056201550e-05,0.000242248,1
35,1,1,3,0.75,0.75,0.5,1.5,0,1,1,2,2,2,2,2,0.5,1.5,0
37,1,1,1,0.25,0.25,0.5,0.5,0,1,1,2,2,2,2,2,0.5,1.5,0
44,2,1,1,0.5,0.5,0.5,1,0,1,1,1,1,1,1,2,1,3,0
46,2,1,1,0.5,0.5,0.5,1,0,1,1,1,1,1,1,2,1,3,0
40,1,1,1,0.5,0.5,0.5,1,0,1,1,4,1,2,1,4,0.125,0.625,1
41,1,1,2,0.125,0.125,0.5,0.25,1,3,0.333333333,4,2,2,1,4,0.25,0.75,1
42,1,1,2,0.125,0.125,0.5,0.25,1,3,0.333333333,4,2,2,1,4,0.25,0.75,1
50,2,1,1,0.5,0.5,0.5,1,0,1,1,132,1,129,1,6,5.872680291e-05,0.000411088,1
55,2,1,1,1.47e-33,1.47e-33,0.5,2.94e-33,0,132,1,132,128,129,1,6,0.007517031,0.007869392,1
57,2,1,1,7.35e-34,7.35e-34,0.5,1.47e-33,0,132,1,132,129,129,1,6,0.007575758,0.007928118,1
59,2,1,1,7.35e-34,7.35e-34,0.5,1.47e-33,0,132,1,132,129,129,1,6,0.007575758,0.007928118,1
61,2,1,1,7.35e-34,7.35e-34,0.5,1.47e-33,0,132,1,132,129,129,1,6,0.007575758,0.007928118,1
34,1,1,3,0.75,0.75,0.5,1.5,0,1,1,2,2,2,2,2,0.5,1.5,0
36,1,1,1,0.25,0.25,0.5,0.5,0,1,1,2,2,2,2,2,0.5,1.5,0
43,2,1,1,0.5,0.5,0.5,1,0,1,1,1,1,1,1,2,1,3,0
45,2,1,1,0.5,0.5,0.5,1,0,1,1,1,1,1,1,2,1,3,0
32,1,1,1,0.5,0.5,0.5,1,0,1,1,1,1,1,1,2,1,3,0
34,1,1,1,0.5,0.5,0.5,1,0,1,1,1,1,1,1,2,1,3,0
41,2,1,1,0.5,0.5,0.5,1,0,1,1,129,1,128,1,3,6.056201550e-05,0.000242248,1
43,2,1,1,1.47e-33,1.47e-33,0.5,2.94e-33,0,129,1,129,128,128,1,3,0.007751938,0.007933624,1
45,2,1,0,0.5,0.5,0.5,1,0,129,1,129,1,128,1,3,6.056201550e-05,0.000242248,1
32,1,1,1,0.5,0.5,0.5,1,0,1,1,2,1,1,1,3,0.5,2,0
34,1,1,1,0.25,0.25,0.5,0.5,0,1,1,2,1,1,1,3,0.5,2,0
40,2,1,1,0.5,0.5,0.5,1,0,1,1,129,1,128,1,3,6.056201550e-05,0.000242248,1
42,2,1,1,1.47e-33,1.47e-33,0.5,2.94e-33,0,129,1,129,128,128,1,3,0.007751938,0.007933624,1
33,1,1,1,0.5,0.5,0.5,1,0,1,1,2,1,1,1,3,0.5,2,0
35,1,1,1,0.25,0.25,0.5,0.5,0,1,1,2,1,1,1,3,0.5,2,0
41,2,1,1,0.5,0.5,0.5,1,0,1,1,1,1,1,1,2,1,3,0
43,2,1,1,0.5,0.5,0.5,1,0,1,1,1,1,1,1,2,1,3,0
50,3,1,1,0.5,0.5,0.5,1,0,1,1,129,1,128,1,3,6.056201550e-05,0.000242248,1
52,3,1,1,1.47e-33,1.47e-33,0.5,2.94e-33,0,129,1,129,128,128,1,3,0.007751938,0.007933624,1
35,1,1,1,0.5,0.5,0.5,1,0,1,1,1,1,1,1,2,1,3,0
37,1,1,1,0.5,0.5,0.5,1,0,1,1,1,1,1,1,2,1,3,0
43,2,1,1,0.5,0.5,0.5,1,0,1,1,1,1,1,1,2,1,3,0
45,2,1,1,0.5,0.5,0.5,1,0,1,1,1,1,1,1,2,1,3,0
32,1,1,1,0.5,0.5,0.5,1,0,1,1,132,1,129,1,6,5.872680291e-05,0.000411088,1
37,1,1,1,1.47e-33,1.47e-33,0.5,2.94e-33,0,132,1,132,128,129,1,6,0.007517031,0.007869392,1
39,1,1,1,7.35e-34,7.35e-34,0.5,1.47e-33,0,132,1,132,129,129,1,6,0.007575758,0.007928118,1
41,1,1,1,7.35e-34,7.35e-34,0.5,1.47e-33,0,132,1,132,129,129,1,6,0.007575758,0.007928118,1
43,1,1,1,7.35e-34,7.35e-34,0.5,1.47e-33,0,132,1,132,129,129,1,6,0.007575758,0.007928118,1
35,1,1,1,0.5,0.5,0.5,1,0,1,1,1,1,1,1,2,1,3,0
37,1,1,1,0.5,0.5,0.5,1,0,1,1,1,1,1,1,2,1,3,0
43,2,1,1,0.5,0.5,0.5,1,0,1,1,1,1,1,1,2,1,3,0
45,2,1,1,0.5,0.5,0.5,1,0,1,1,1,1,1,1,2,1,3,0
32,1,1,1,0.5,0.5,0.5,1,0,1,1,1,1,1,1,2,1,3,0
34,1,1,1,0.5,0.5,0.5,1,0,1,1,1,1,1,1,2,1,3,0
41,2,1,1,0.5,0.5,0.5,1,0,1,1,129,1,128,1,3,6.056201550e-05,0.000242248,1
43,2,1,1,1.47e-33,1.47e-33,0.5,2.94e-33,0,129,1,129,128,128,1,3,0.007751938,0.007933624,1
4770,1,1,1,2.328306437e-10,2.328306437e-10,1.000000000,2.328306437e-10,0,32,1,32,32,32,32,2,0.03125,1.001953125,1
4771,1,1,0,1.000000000,1.000000000,1.000000000,1,0,32,1,32,32,32,32,2,0.03125,1.001953125,1
4780,2,1,1,0.25,0.25,0.75,0.333333333,0,2,1,2,2,2,2,2,0.5,1.5,0
4782,2,1,3,0.75,0.75,0.75,1,0,2,1,2,2,2,2,2,0.5,1.5,0
383,0,1,1,1,1,1,1,0,1,1,4,4,4,4,1,0.25,1.0625,0
390-405,0,1,1,1,1,1,1,0,1,1,32,32,32,32,1,0.03125,1.000976563,0
407-422,0,1,1,1,1,1,1,0,1,1,32,32,32,32,1,0.03125,1.000976563,0
424-439,0,1,1,1,1,1,1,0,1,1,32,32,32,32,1,0.03125,1.000976563,0
470-485,0,1,1,1,1,1,1,0,1,1,1,1,1,1,1,1,2,0
487-502,0,1,1,1,1,1,1,0,1,1,1,1,1,1,1,1,2,0
504-566,1,1,1,0.5,0.5,0.5,1,0,1,1,1,1,1,1,2,1,3,0
504-566,1,1,1,0.5,0.5,0.5,1,0,1,1,1,1,1,1,2,1,3,0
568-583,0,1,1,1,1,1,1,0,1,1,4,4,4,4,1,0.25,1.0625,0
101,0,1,1,1,1,1,1,0,1,1,3,3,3,3,1,0.333333333,1.111111111,0
104,1,1,1,0.5,0.5,0.5,1,0,1,1,1,1,1,1,2,1,3,0
105,1,1,1,0.5,0.5,0.5,1,0,1,1,1,1,1,1,2,1,3,0
121-261,2,1,1,0.5,0.5,0.5,1,0,1,1,8,1,1,1,14,0.125,1.875,0
121-261,2,0.5,1,0.5,0.25,0.5,1,0,1,1,8,1,1,1,14,0.125,1.875,0
121-261,2,0.5,1,0.5,0.25,0.5,1,0,1,1,8,1,1,1,14,0.125,1.875,0
121-261,2,0.5,1,0.5,0.25,0.5,1,0,1,1,8,1,1,1,14,0.125,1.875,0
121-261,2,0.5,1,0.5,0.25,0.5,1,0,1,1,8,1,1,1,14,0.125,1.875,0
121-261,2,0.5,1,0.5,0.25,0.5,1,0,1,1,8,1,1,1,14,0.125,1.875,0
121-261,2,0.5,1,0.5,0.25,0.5,1,0,1,1,8,1,1,1,14,0.125,1.875,0
121-261,2,0.5,1,0.5,0.25,0.5,1,0,1,1,8,1,1,1,14,0.125,1.875,0
121-261,2,0.5,1,0.5,0.25,0.5,1,0,1,1,8,1,1,1,14,0.125,1.875,0
121-261,2,0.5,1,0.5,0.25,0.5,1,0,1,1,8,1,1,1,14,0.125,1.875,0
121-261,2,0.5,1,0.5,0.25,0.5,1,0,1,1,8,1,1,1,14,0.125,1.875,0
121-261,2,0.5,1,0.5,0.25,0.5,1,0,1,1,8,1,1,1,14,0.125,1.875,0
121-261,2,0.5,1,0.5,0.25,0.5,1,0,1,1,8,1,1,1,14,0.125,1.875,0
121-261,2,0.5,1,0.5,0.25,0.5,1,0,1,1,8,1,1,1,14,0.125,1.875,0
108-130,0,1,1,1,1,1,1,0,1,1,2,2,2,2,1,0.5,1.25,0
147,1,1,1,0.5,0.5,0.5,1,0,1,1,2,1,1,1,4,0.5,2.5,0
148,1,1,1,0.5,0.5,0.5,1,0,1,1,2,1,1,1,4,0.5,2.5,0
149,1,1,1,0.5,0.5,0.5,1,0,1,1,2,1,1,1,4,0.5,2.5,0
156-190,0,1,1,1,1,1,1,0,1,1,2,2,2,2,1,0.5,1.25,0
230,2,1,1,0.5,0.5,0.5,1,0,1,1,1,1,1,1,2,1,3,0
231,2,1,1,0.5,0.5,0.5,1,0,1,1,1,1,1,1,2,1,3,0
243,0,1,1,1,1,1,1,0,1,1,2,2,2,2,1,0.5,1.25,0
158,0,1,1,1,1,1,1,0,1,1,32,32,32,32,1,0.03125,1.000976563,0
163,1,1,1,0.5,0.5,0.5,1,0,1,1,3,1,1,1,6,0.333333333,2.333333333,0
164,1,1,1,0.5,0.5,0.5,1,0,1,1,3,1,1,1,6,0.333333333,2.333333333,0
165,1,1,1,0.5,0.5,0.5,1,0,1,1,3,1,1,1,6,0.333333333,2.333333333,0
166,1,1,1,0.5,0.5,0.5,1,0,1,1,3,1,1,1,6,0.333333333,2.333333333,0
167,1,1,1,0.5,0.5,0.5,1,0,1,1,3,1,1,1,6,0.333333333,2.333333333,0
168,1,1,1,0.5,0.5,0.5,1,0,1,1,3,1,1,1,6,0.333333333,2.333333333,0
172,2,1,1,0.5,0.5,0.5,1,0,1,1,1,1,1,1,2,1,3,0
173,2,1,1,0.5,0.5,0.5,1,0,1,1,1,1,1,1,2,1,3,0
182,0,1,1,1,1,1,1,0,1,1,2,2,2,2,1,0.5,1.25,0
98,1,1,1,0.5,0.5,0.5,1,0,1,1,3,1,2,1,8,0.166666667,1.5,0
99,1,1,1,0.5,0.5,0.5,1,0,1,1,3,1,2,1,8,0.166666667,1.5,0
100,1,1,1,0.25,0.25,0.5,0.5,0,2,1,3,2,2,1,8,0.333333333,1.666666667,0
101,1,1,1,0.25,0.25,0.5,0.5,0,2,1,3,2,2,1,8,0.333333333,1.666666667,0
102,1,1,1,0.25,0.25,0.5,0.5,0,2,1,3,2,2,1,8,0.333333333,1.666666667,0
103,1,1,1,0.25,0.25,0.5,0.5,0,2,1,3,2,2,1,8,0.333333333,1.666666667,0
104,1,1,1,0.25,0.25,0.5,0.5,0,2,1,3,2,2,1,8,0.333333333,1.666666667,0
105,1,1,1,0.25,0.25,0.5,0.5,0,2,1,3,2,2,1,8,0.333333333,1.666666667,0
109,2,1,1,0.5,0.5,0.5,1,0,1,1,3,1,2,1,4,0.166666667,0.833333333,0
110,2,1,1,0.5,0.5,0.5,1,0,1,1,3,1,2,1,4,0.166666667,0.833333333,0
111,2,1,1,0.25,0.25,0.5,0.5,0,2,1,3,2,2,1,4,0.333333333,1,0
112,2,1,1,0.25,0.25,0.5,0.5,0,2,1,3,2,2,1,4,0.333333333,1,0
116,0,1,1,1,1,1,1,0,1,1,2,2,2,2,1,0.5,1.25,0
176,0,1,1,1,1,1,1,0,1,1,1,1,4,4,1,0.25,1.25,0
191-268,1,1,1,0.5,0.5,0.5,1,0,1,1,2,1,1,1,3,0.5,2,0
191-268,1,1,1,0.5,0.5,0.5,1,0,1,1,2,1,1,1,3,0.5,2,0
191-268,1,1,1,0.5,0.5,0.5,1,0,1,1,2,1,1,1,3,0.5,2,0
298-309,0,1,1,1,1,1,1,0,1,1,32,32,32,32,1,0.03125,1.000976563,0
298-309,0,1,1,1,1,1,1,0,1,1,1,1,1,1,1,1,2,0
386,1,1,1,5.421010862e-20,5.421010862e-20,1,5.421010862e-20,0,64,1,64,64,64,64,2,0.015625,1.000488281,1
388,1,1,0,1,1,1,1,0,64,1,64,64,64,64,2,0.015625,1.000488281,1
397-412,0,1,1,1,1,1,1,0,1,1,32,32,32,32,1,0.03125,1.000976563,0
414-429,0,1,1,1,1,1,1,0,1,1,32,32,32,32,1,0.03125,1.000976563,0
431-446,0,1,1,1,1,1,1,0,1,1,32,32,32,32,1,0.03125,1.000976563,0
477-492,0,1,1,1,1,1,1,0,1,1,1,1,1,1,1,1,2,0
494-509,0,1,1,1,1,1,1,0,1,1,1,1,1,1,1,1,2,0
511-573,1,1,1,0.5,0.5,0.5,1,0,1,1,1,1,1,1,2,1,3,0
511-573,1,1,1,0.5,0.5,0.5,1,0,1,1,1,1,1,1,2,1,3,0
575-591,0,1,1,1,1,1,1,0,1,1,4,4,4,4,1,0.25,1.0625,0
101,0,1,1,1,1,1,1,0,1,1,3,3,3,3,1,0.333333333,1.111111111,0
104,1,1,1,0.5,0.5,0.5,1,0,1,1,1,1,1,1,2,1,3,0
105,1,1,1,0.5,0.5,0.5,1,0,1,1,1,1,1,1,2,1,3,0
121-261,2,1,1,0.5,0.5,0.5,1,0,1,1,8,1,1,1,13,0.125,1.75,0
121-261,2,0.5,1,0.5,0.25,0.5,1,0,1,1,8,1,1,1,13,0.125,1.75,0
121-261,2,0.5,1,0.5,0.25,0.5,1,0,1,1,8,1,1,1,13,0.125,1.75,0
121-261,2,0.5,1,0.5,0.25,0.5,1,0,1,1,8,1,1,1,13,0.125,1.75,0
121-261,2,0.5,1,0.5,0.25,0.5,1,0,1,1,8,1,1,1,13,0.125,1.75,0
121-261,2,0.5,1,0.5,0.25,0.5,1,0,1,1,8,1,1,1,13,0.125,1.75,0
121-261,2,0.5,1,0.5,0.25,0.5,1,0,1,1,8,1,1,1,13,0.125,1.75,0
121-261,2,0.5,1,0.5,0.25,0.5,1,0,1,1,8,1,1,1,13,0.125,1.75,0
121-261,2,0.5,1,0.5,0.25,0.5,1,0,1,1,8,1,1,1,13,0.125,1.75,0
121-261,2,0.5,1,0.5,0.25,0.5,1,0,1,1,8,1,1,1,13,0.125,1.75,0
121-261,2,0.5,1,0.5,0.25,0.5,1,0,1,1,8,1,1,1,13,0.125,1.75,0
121-261,2,0.5,1,0.5,0.25,0.5,1,0,1,1,8,1,1,1,13,0.125,1.75,0
121-261,2,0.5,1,0.5,0.25,0.5,1,0,1,1,8,1,1,1,13,0.125,1.75,0
108-130,0,1,1,1,1,1,1,0,1,1,2,2,2,2,1,0.5,1.25,0
147,1,1,1,0.5,0.5,0.5,1,0,1,1,2,1,1,1,4,0.5,2.5,0
148,1,1,1,0.5,0.5,0.5,1,0,1,1,2,1,1,1,4,0.5,2.5,0
149,1,1,1,0.5,0.5,0.5,1,0,1,1,2,1,1,1,4,0.5,2.5,0
156-190,0,1,1,1,1,1,1,0,1,1,2,2,2,2,1,0.5,1.25,0
230,2,1,1,0.5,0.5,0.5,1,0,1,1,1,1,1,1,2,1,3,0
231,2,1,1,0.5,0.5,0.5,1,0,1,1,1,1,1,1,2,1,3,0
243,0,1,1,1,1,1,1,0,1,1,2,2,2,2,1,0.5,1.25,0
158,0,1,1,1,1,1,1,0,1,1,32,32,32,32,1,0.03125,1.000976563,0
163,1,1,1,0.5,0.5,0.5,1,0,1,1,3,1,1,1,6,0.333333333,2.333333333,0
164,1,1,1,0.5,0.5,0.5,1,0,1,1,3,1,1,1,6,0.333333333,2.333333333,0
165,1,1,1,0.5,0.5,0.5,1,0,1,1,3,1,1,1,6,0.333333333,2.333333333,0
166,1,1,1,0.5,0.5,0.5,1,0,1,1,3,1,1,1,6,0.333333333,2.333333333,0
167,1,1,1,0.5,0.5,0.5,1,0,1,1,3,1,1,1,6,0.333333333,2.333333333,0
168,1,1,1,0.5,0.5,0.5,1,0,1,1,3,1,1,1,6,0.333333333,2.333333333,0
172,2,1,1,0.5,0.5,0.5,1,0,1,1,1,1,1,1,2,1,3,0
173,2,1,1,0.5,0.5,0.5,1,0,1,1,1,1,1,1,2,1,3,0
182,0,1,1,1,1,1,1,0,1,1,2,2,2,2,1,0.5,1.25,0
98,1,1,1,0.5,0.5,0.5,1,0,1,1,3,1,2,1,8,0.166666667,1.5,0
99,1,1,1,0.5,0.5,0.5,1,0,1,1,3,1,2,1,8,0.166666667,1.5,0
100,1,1,1,0.25,0.25,0.5,0.5,0,2,1,3,2,2,1,8,0.333333333,1.666666667,0
101,1,1,1,0.25,0.25,0.5,0.5,0,2,1,3,2,2,1,8,0.333333333,1.666666667,0
102,1,1,1,0.25,0.25,0.5,0.5,0,2,1,3,2,2,1,8,0.333333333,1.666666667,0
103,1,1,1,0.25,0.25,0.5,0.5,0,2,1,3,2,2,1,8,0.333333333,1.666666667,0
104,1,1,1,0.25,0.25,0.5,0.5,0,2,1,3,2,2,1,8,0.333333333,1.666666667,0
105,1,1,1,0.25,0.25,0.5,0.5,0,2,1,3,2,2,1,8,0.333333333,1.666666667,0
109,2,1,1,0.5,0.5,0.5,1,0,1,1,3,1,2,1,4,0.166666667,0.833333333,0
110,2,1,1,0.5,0.5,0.5,1,0,1,1,3,1,2,1,4,0.166666667,0.833333333,0
111,2,1,1,0.25,0.25,0.5,0.5,0,2,1,3,2,2,1,4,0.333333333,1,0
112,2,1,1,0.25,0.25,0.5,0.5,0,2,1,3,2,2,1,4,0.333333333,1,0
116,0,1,1,1,1,1,1,0,1,1,2,2,2,2,1,0.5,1.25,0
176,0,1,1,1,1,1,1,0,1,1,1,1,4,4,1,0.25,1.25,0
191-268,1,1,1,0.5,0.5,0.5,1,0,1,1,2,1,1,1,3,0.5,2,0
191-268,1,1,1,0.5,0.5,0.5,1,0,1,1,2,1,1,1,3,0.5,2,0
191-268,1,1,1,0.5,0.5,0.5,1,0,1,1,2,1,1,1,3,0.5,2,0
272,2,1,1,0.5,0.5,0.5,1,0,1,1,1,1,1,1,2,1,3,0
273,2,1,1,0.5,0.5,0.5,1,0,1,1,1,1,1,1,2,1,3,0
298-309,0,1,1,1,1,1,1,0,1,1,32,32,32,32,1,0.03125,1.000976563,0
298-309,0,1,1,1,1,1,1,0,1,1,1,1,1,1,1,1,2,0
61,1,1,1,0.5,0.5,0.5,1,0,1,1,1,1,1,1,2,1,3,0
64,1,1,1,0.5,0.5,0.5,1,0,1,1,1,1,1,1,2,1,3,0
71,2,1,1,0.5,0.5,0.5,1,0,1,1,1,1,1,1,2,1,3,0
74,2,1,1,0.5,0.5,0.5,1,0,1,1,1,1,1,1,2,1,3,0
51,0,1,1,1,1,1,1,0,1,1,23,1,8,1,6,0.005434783,0.038043478,0
54,0,1,1,1,1,1,1,0,1,1,23,8,8,1,6,0.043478261,0.076086957,1
55,0,1,1,1,1,1,1,0,1,1,23,8,8,1,6,0.043478261,0.076086957,1
56,0,1,1,1,1,1,1,0,1,1,23,3,8,1,6,0.016304348,0.048913043,1
58,0,1,1,1,1,1,1,0,1,1,23,3,8,1,6,0.016304348,0.048913043,1
59,0,1,1,1,1,1,1,0,1,1,23,1,8,1,6,0.005434783,0.038043478,0
63,1,1,1,0.5,0.5,0.5,1,0,1,1,1,1,1,1,2,1,3,0
66,1,1,1,0.5,0.5,0.5,1,0,1,1,1,1,1,1,2,1,3,0
73,2,1,1,0.5,0.5,0.5,1,0,1,1,2,1,1,1,3,0.5,2,0
74,2,1,1,0.25,0.25,0.5,0.5,0,2,1,2,1,1,1,3,0.5,2,0
75,2,1,1,0.25,0.25,0.5,0.5,0,2,1,2,1,1,1,3,0.5,2,0
79,3,1,1,0.5,0.5,0.5,1,0,1,1,2,1,1,1,3,0.5,2,0
80,3,1,1,0.25,0.25,0.5,0.5,0,2,1,2,1,1,1,3,0.5,2,0
87,4,1,1,0.5,0.5,0.5,1,0,1,1,3,1,1,1,4,0.333333333,1.666666667,0
88,4,1,1,0.25,0.25,0.5,0.5,0,1,1,3,1,1,1,4,0.333333333,1.666666667,0
89,4,1,1,0.125,0.125,0.5,0.25,0,1,1,3,1,1,1,4,0.333333333,1.666666667,0
95,5,1,1,0.5,0.5,0.5,1,0,1,1,1,1,1,1,2,1,3,0
96,5,1,1,0.5,0.5,0.5,1,0,1,1,1,1,1,1,2,1,3,0
112,6,1,1,0.5,0.5,0.5,1,0,1,1,1,1,1,1,2,1,3,0
113,6,1,1,0.5,0.5,0.5,1,0,1,1,1,1,1,1,2,1,3,0
121,7,1,1,0.0625,0.0625,0.9375,0.066666667,0,4,1,5,4,4,1,4,0.2,0.4,1
122,7,0.0625,0.5,0.03125,0.001953125,0.9375,0.033333333,0,1,1,5,1,4,1,4,0.05,0.25,1
123,7,0.0625,0.5,0.03125,0.001953125,0.9375,0.033333333,0,1,1,5,1,4,1,4,0.05,0.25,1
124,7,1,15,0.9375,0.9375,0.9375,1,0,4,1,5,4,4,1,4,0.2,0.4,1
132,8,1,1,0.0625,0.0625,0.9375,0.066666667,0,4,1,8,4,4,4,4,0.125,0.625,1
133,8,0.0625,0.0625,0.00390625,0.000244141,0.9375,0.004166667,0,4,1,8,4,4,4,4,0.125,0.625,1
135,8,0.0625,0.9375,0.05859375,0.003662109,0.9375,0.0625,0,4,1,8,4,4,4,4,0.125,0.625,1
138,8,1,15,0.9375,0.9375,0.9375,1,0,4,1,8,4,4,4,4,0.125,0.625,1
173,9,1,1,0.5,0.5,0.5,1,0,1,1,1,1,1,1,2,1,3,0
174,9,1,1,0.5,0.5,0.5,1,0,1,1,1,1,1,1,2,1,3,0
50,1,1,1,0.5,0.5,0.5,1,0,1,1,2,1,1,1,3,0.5,2,0
51,1,1,1,0.25,0.25,0.5,0.5,0,1,1,2,1,1,1,3,0.5,2,0
52,1,1,1,0.25,0.25,0.5,0.5,0,1,1,2,1,1,1,3,0.5,2,0
57,2,1,1,0.5,0.5,0.5,1,0,1,1,3,1,1,1,5,0.333333333,2,0
58,2,1,1,0.5,0.5,0.5,1,0,1,1,3,1,1,1,5,0.333333333,2,0
59,2,0.5,2,0.25,0.125,0.5,0.5,0,1,1,3,1,1,1,5,0.333333333,2,0
60,2,0.5,1,0.125,0.0625,0.5,0.25,0,1,1,3,1,1,1,5,0.333333333,2,0
63,2,0.5,1,0.125,0.0625,0.5,0.25,0,1,1,3,1,1,1,5,0.333333333,2,0
68,3,1,1,0.5,0.5,0.5,1,0,1,1,3,1,1,1,4,0.333333333,1.666666667,0
69,3,1,2,0.25,0.25,0.5,0.5,0,1,1,3,1,1,1,4,0.333333333,1.666666667,0
70,3,1,1,0.125,0.125,0.5,0.25,0,1,1,3,1,1,1,4,0.333333333,1.666666667,0
75,4,1,1,0.5,0.5,0.5,1,0,1,1,1,1,1,1,2,1,3,0
76,4,1,1,0.5,0.5,0.5,1,0,1,1,1,1,1,1,2,1,3,0
94,5,1,1,0.5,0.5,0.5,1,0,1,1,1,1,1,1,2,1,3,0
101,5,1,1,0.5,0.5,0.5,1,0,1,1,1,1,1,1,2,1,3,0
112,6,1,1,0.0625,0.0625,0.9375,0.066666667,0,1,1,4,4,4,4,2,0.25,1.125,1
114,6,1,15,0.9375,0.9375,0.9375,1,0,1,1,4,4,4,4,2,0.25,1.125,1
123,7,1,1,0.0625,0.0625,0.9375,0.066666667,0,4,1,8,4,4,4,4,0.125,0.625,1
124,7,0.0625,0.0625,0.00390625,0.000244141,0.9375,0.004166667,0,4,1,8,4,4,4,4,0.125,0.625,1
126,7,0.0625,0.9375,0.05859375,0.003662109,0.9375,0.0625,0,4,1,8,4,4,4,4,0.125,0.625,1
130,7,1,15,0.9375,0.9375,0.9375,1,0,4,1,8,4,4,4,4,0.125,0.625,1
147,8,1,1,0.0625,0.0625,0.9375,0.066666667,0,1,1,4,4,4,4,2,0.25,1.125,1
150,8,1,15,0.9375,0.9375,0.9375,1,0,1,1,4,4,4,4,2,0.25,1.125,1
175,9,1,1,0.5,0.5,0.5,1,0,1,1,1,1,1,1,2,1,3,0
176,9,1,1,0.5,0.5,0.5,1,0,1,1,1,1,1,1,2,1,3,0
61,1,1,1,0.5,0.5,0.5,1,0,1,1,1,1,1,1,2,1,3,0
64,1,1,1,0.5,0.5,0.5,1,0,1,1,1,1,1,1,2,1,3,0
71,2,1,1,0.5,0.5,0.5,1,0,1,1,1,1,1,1,2,1,3,0
74,2,1,1,0.5,0.5,0.5,1,0,1,1,1,1,1,1,2,1,3,0
50,0,1,1,1,1,1,1,0,1,1,26,8,8,2,4,0.038461538,0.096153846,1
51,0,1,1,1,1,1,1,0,1,1,26,8,8,2,4,0.038461538,0.096153846,1
52,0,1,1,1,1,1,1,0,1,1,26,8,8,2,4,0.038461538,0.096153846,1
53,0,1,1,1,1,1,1,0,1,1,26,2,8,2,4,0.009615385,0.038461538,1
54,0,1,1,1,1,1,1,0,0,1,1,1,1,1,1,1,2,0
57,1,1,1,0.5,0.5,0.5,1,0,1,1,2,1,1,1,3,0.5,2,0
59,1,1,1,0.25,0.25,0.5,0.5,0,2,1,2,1,1,1,3,0.5,2,0
61,1,1,1,0.25,0.25,0.5,0.5,0,2,1,2,1,1,1,3,0.5,2,0
66,2,1,1,0.5,0.5,0.5,1,0,1,1,1,1,1,1,2,1,3,0
69,2,1,1,0.5,0.5,0.5,1,0,1,1,1,1,1,1,2,1,3,0
76,3,1,1,0.5,0.5,0.5,1,0,1,1,2,1,1,1,3,0.5,2,0
77,3,1,1,0.25,0.25,0.5,0.5,0,2,1,2,1,1,1,3,0.5,2,0
78,3,1,1,0.25,0.25,0.5,0.5,0,2,1,2,1,1,1,3,0.5,2,0
82,4,1,1,0.5,0.5,0.5,1,0,1,1,2,1,1,1,3,0.5,2,0
83,4,1,1,0.25,0.25,0.5,0.5,0,2,1,2,1,1,1,3,0.5,2,0
90,5,1,1,0.5,0.5,0.5,1,0,1,1,3,1,1,1,4,0.333333333,1.666666667,0
91,5,1,1,0.25,0.25,0.5,0.5,0,2,1,3,1,1,1,4,0.333333333,1.666666667,0
92,5,1,1,0.125,0.125,0.5,0.25,0,2,1,3,1,1,1,4,0.333333333,1.666666667,0
98,6,1,1,0.5,0.5,0.5,1,0,1,1,1,1,1,1,2,1,3,0
99,6,1,1,0.5,0.5,0.5,1,0,1,1,1,1,1,1,2,1,3,0
115,7,1,1,0.5,0.5,0.5,1,0,1,1,1,1,1,1,2,1,3,0
116,7,1,1,0.5,0.5,0.5,1,0,1,1,1,1,1,1,2,1,3,0
124,8,1,1,0.0625,0.0625,0.9375,0.066666667,0,4,1,5,4,4,1,4,0.2,0.4,1
125,8,0.0625,0.5,0.03125,0.001953125,0.9375,0.033333333,0,1,1,5,1,4,1,4,0.05,0.25,1
126,8,0.0625,0.5,0.03125,0.001953125,0.9375,0.033333333,0,1,1,5,1,4,1,4,0.05,0.25,1
127,8,1,15,0.9375,0.9375,0.9375,1,0,4,1,5,4,4,1,4,0.2,0.4,1
132,9,1,1,0.0625,0.0625,0.9375,0.066666667,0,4,1,8,4,4,4,4,0.125,0.625,1
133,9,0.0625,0.0625,0.00390625,0.000244141,0.9375,0.004166667,0,4,1,8,4,4,4,4,0.125,0.625,1
135,9,0.0625,0.9375,0.05859375,0.003662109,0.9375,0.0625,0,4,1,8,4,4,4,4,0.125,0.625,1
138,9,1,15,0.9375,0.9375,0.9375,1,0,4,1,8,4,4,4,4,0.125,0.625,1
176,10,1,1,0.5,0.5,0.5,1,0,1,1,1,1,1,1,2,1,3,0
177,10,1,1,0.5,0.5,0.5,1,0,1,1,1,1,1,1,2,1,3,0
50,1,1,1,0.5,0.5,0.5,1,0,1,1,2,1,1,1,3,0.5,2,0
51,1,1,1,0.25,0.25,0.5,0.5,0,1,1,2,1,1,1,3,0.5,2,0
52,1,1,1,0.25,0.25,0.5,0.5,0,1,1,2,1,1,1,3,0.5,2,0
57,2,1,1,0.5,0.5,0.5,1,0,1,1,3,1,1,1,5,0.333333333,2,0
58,2,1,1,0.5,0.5,0.5,1,0,1,1,3,1,1,1,5,0.333333333,2,0
59,2,0.5,2,0.25,0.125,0.5,0.5,0,1,1,3,1,1,1,5,0.333333333,2,0
60,2,0.5,1,0.125,0.0625,0.5,0.25,0,1,1,3,1,1,1,5,0.333333333,2,0
63,2,0.5,1,0.125,0.0625,0.5,0.25,0,1,1,3,1,1,1,5,0.333333333,2,0
68,3,1,1,0.5,0.5,0.5,1,0,1,1,3,1,1,1,4,0.333333333,1.666666667,0
69,3,1,2,0.25,0.25,0.5,0.5,0,1,1,3,1,1,1,4,0.333333333,1.666666667,0
70,3,1,1,0.125,0.125,0.5,0.25,0,1,1,3,1,1,1,4,0.333333333,1.666666667,0
75,4,1,1,0.5,0.5,0.5,1,0,1,1,1,1,1,1,2,1,3,0
76,4,1,1,0.5,0.5,0.5,1,0,1,1,1,1,1,1,2,1,3,0
94,5,1,1,0.5,0.5,0.5,1,0,1,1,1,1,1,1,2,1,3,0
100,5,1,1,0.5,0.5,0.5,1,0,1,1,1,1,1,1,2,1,3,0
111,6,1,1,0.0625,0.0625,0.9375,0.066666667,0,4,1,4,4,4,4,2,0.25,1.125,1
113,6,1,15,0.9375,0.9375,0.9375,1,0,4,1,4,4,4,4,2,0.25,1.125,1
122,7,1,1,0.0625,0.0625,0.9375,0.066666667,0,4,1,8,4,4,4,4,0.125,0.625,1
123,7,0.0625,0.0625,0.00390625,0.000244141,0.9375,0.004166667,0,4,1,8,4,4,4,4,0.125,0.625,1
125,7,0.0625,0.9375,0.05859375,0.003662109,0.9375,0.0625,0,4,1,8,4,4,4,4,0.125,0.625,1
128,7,1,15,0.9375,0.9375,0.9375,1,0,4,1,8,4,4,4,4,0.125,0.625,1
146,8,1,1,0.0625,0.0625,0.9375,0.066666667,0,4,1,4,4,4,4,2,0.25,1.125,1
149,8,1,15,0.9375,0.9375,0.9375,1,0,4,1,4,4,4,4,2,0.25,1.125,1
174,9,1,1,0.5,0.5,0.5,1,0,1,1,1,1,1,1,2,1,3,0
175,9,1,1,0.5,0.5,0.5,1,0,1,1,1,1,1,1,2,1,3,0
62,1,1,1,0.5,0.5,0.5,1,0,1,1,1,1,1,1,2,1,3,0
65,1,1,1,0.5,0.5,0.5,1,0,1,1,1,1,1,1,2,1,3,0
72,2,1,1,0.5,0.5,0.5,1,0,1,1,1,1,1,1,2,1,3,0
75,2,1,1,0.5,0.5,0.5,1,0,1,1,1,1,1,1,2,1,3,0
48,1,1,1,0.5,0.5,0.5,1,0,1,1,1,1,1,1,2,1,3,0
51,1,1,1,0.5,0.5,0.5,1,0,1,1,1,1,1,1,2,1,3,0
58,2,1,1,0.5,0.5,0.5,1,0,1,1,2,1,1,1,3,0.5,2,0
59,2,1,1,0.25,0.25,0.5,0.5,0,2,1,2,1,1,1,3,0.5,2,0
60,2,1,1,0.25,0.25,0.5,0.5,0,2,1,2,1,1,1,3,0.5,2,0
64,3,1,1,0.5,0.5,0.5,1,0,1,1,2,1,1,1,3,0.5,2,0
65,3,1,1,0.25,0.25,0.5,0.5,0,2,1,2,1,1,1,3,0.5,2,0
72,4,1,1,0.5,0.5,0.5,1,0,1,1,3,1,1,1,4,0.333333333,1.666666667,0
73,4,1,1,0.25,0.25,0.5,0.5,0,1,1,3,1,1,1,4,0.333333333,1.666666667,0
74,4,1,1,0.125,0.125,0.5,0.25,0,1,1,3,1,1,1,4,0.333333333,1.666666667,0
80,5,1,1,0.5,0.5,0.5,1,0,1,1,1,1,1,1,2,1,3,0
81,5,1,1,0.5,0.5,0.5,1,0,1,1,1,1,1,1,2,1,3,0
97,6,1,1,0.5,0.5,0.5,1,0,1,1,1,1,1,1,2,1,3,0
98,6,1,1,0.5,0.5,0.5,1,0,1,1,1,1,1,1,2,1,3,0
106,7,1,1,0.0625,0.0625,0.9375,0.066666667,0,4,1,5,4,4,1,4,0.2,0.4,0
107,7,0.0625,0.5,0.03125,0.001953125,0.9375,0.033333333,0,1,1,5,1,4,1,4,0.05,0.25,0
108,7,0.0625,0.5,0.03125,0.001953125,0.9375,0.033333333,0,1,1,5,1,4,1,4,0.05,0.25,0
109,7,1,15,0.9375,0.9375,0.9375,1,0,4,1,5,4,4,1,4,0.2,0.4,0
117,8,1,1,0.0625,0.0625,0.9375,0.066666667,0,4,1,8,4,4,4,4,0.125,0.625,0
118,8,0.0625,0.0625,0.00390625,0.000244141,0.9375,0.004166667,0,4,1,8,4,4,4,4,0.125,0.625,0
120,8,0.0625,0.9375,0.05859375,0.003662109,0.9375,0.0625,0,4,1,8,4,4,4,4,0.125,0.625,0
123,8,1,15,0.9375,0.9375,0.9375,1,0,4,1,8,4,4,4,4,0.125,0.625,0
158,9,1,1,0.5,0.5,0.5,1,0,1,1,1,1,1,1,2,1,3,0
159,9,1,1,0.5,0.5,0.5,1,0,1,1,1,1,1,1,2,1,3,0
54,1,1,1,0.5,0.5,0.5,1,0,1,1,2,1,1,1,3,0.5,2,0
55,1,1,1,0.25,0.25,0.5,0.5,0,1,1,2,1,1,1,3,0.5,2,0
56,1,1,1,0.25,0.25,0.5,0.5,0,1,1,2,1,1,1,3,0.5,2,0
59,2,1,1,0.5,0.5,0.5,1,0,1,1,4,1,1,1,7,0.25,2,0
60,2,1,1,0.5,0.5,0.5,1,0,1,1,4,1,1,1,7,0.25,2,0
61,2,0.5,4,0.25,0.125,0.5,0.5,0,1,1,4,1,1,1,7,0.25,2,0
62,2,0.25,2,0.125,0.03125,0.5,0.25,0,1,1,4,1,1,1,7,0.25,2,0
64,2,0.25,2,0.125,0.03125,0.5,0.25,0,1,1,4,1,1,1,7,0.25,2,0
66,2,0.5,2,0.125,0.0625,0.5,0.25,0,1,1,4,1,1,1,7,0.25,2,0
69,2,0.5,2,0.125,0.0625,0.5,0.25,0,1,1,4,1,1,1,7,0.25,2,0
73,3,1,1,0.5,0.5,0.5,1,0,1,1,3,1,1,1,4,0.333333333,1.666666667,0
74,3,1,2,0.25,0.25,0.5,0.5,0,1,1,3,1,1,1,4,0.333333333,1.666666667,0
75,3,1,1,0.125,0.125,0.5,0.25,0,1,1,3,1,1,1,4,0.333333333,1.666666667,0
79,4,1,1,0.5,0.5,0.5,1,0,1,1,1,1,1,1,2,1,3,0
80,4,1,1,0.5,0.5,0.5,1,0,1,1,1,1,1,1,2,1,3,0
98,5,1,1,0.5,0.5,0.5,1,0,1,1,1,1,1,1,2,1,3,0
101,5,1,1,0.5,0.5,0.5,1,0,1,1,1,1,1,1,2,1,3,0
111,6,1,1,0.0625,0.0625,0.9375,0.066666667,0,1,1,4,4,4,4,2,0.25,1.125,0
113,6,1,15,0.9375,0.9375,0.9375,1,0,1,1,4,4,4,4,2,0.25,1.125,0
121,7,1,1,0.0625,0.0625,0.9375,0.066666667,0,4,1,8,4,4,4,4,0.125,0.625,0
122,7,0.0625,0.0625,0.00390625,0.000244141,0.9375,0.004166667,0,4,1,8,4,4,4,4,0.125,0.625,0
124,7,0.0625,0.9375,0.05859375,0.003662109,0.9375,0.0625,0,4,1,8,4,4,4,4,0.125,0.625,0
128,7,1,15,0.9375,0.9375,0.9375,1,0,4,1,8,4,4,4,4,0.125,0.625,0
145,8,1,1,0.0625,0.0625,0.9375,0.066666667,0,1,1,4,4,4,4,2,0.25,1.125,0
148,8,1,15,0.9375,0.9375,0.9375,1,0,1,1,4,4,4,4,2,0.25,1.125,0
174,9,1,1,0.5,0.5,0.5,1,0,1,1,33,1,32,1,3,0.000946970,0.003787879,1
177,9,1,1,1.164153218e-10,1.164153218e-10,0.5,2.328306437e-10,32,32,1,33,32,32,1,3,0.030303030,0.033143939,1
180,9,1,0,0.500000000,0.500000000,0.5,1.000000000,32,32,1,33,32,32,1,3,0.030303030,0.033143939,1
186,10,1,1,0.5,0.5,0.5,1,0,1,1,1,1,1,1,2,1,3,0
187,10,1,1,0.5,0.5,0.5,1,0,1,1,1,1,1,1,2,1,3,0
60,1,1,1,0.5,0.5,0.5,1,0,1,1,1,1,1,1,2,1,3,0
63,1,1,1,0.5,0.5,0.5,1,0,1,1,1,1,1,1,2,1,3,0
70,2,1,1,0.5,0.5,0.5,1,0,1,1,2,1,1,1,4,0.5,2.5,0
73,2,1,1,0.5,0.5,0.5,1,0,1,1,2,1,1,1,4,0.5,2.5,0
74,2,0.5,1,0.25,0.125,0.5,0.5,0,2,1,2,1,1,1,4,0.5,2.5,0
76,2,0.5,1,0.25,0.125,0.5,0.5,0,2,1,2,1,1,1,4,0.5,2.5,0
83,3,1,1,0.5,0.5,0.5,1,0,1,1,9,1,8,1,4,0.013888889,0.069444444,1
86,3,1,1,0.5,0.5,0.5,1,0,1,1,9,1,8,1,4,0.013888889,0.069444444,1
87,3,0.5,1,0.001953125,0.000976563,0.5,0.00390625,0,9,1,9,8,8,1,4,0.111111111,0.166666667,1
89,3,0.5,0,0.498046875,0.249023438,0.5,0.99609375,0,9,1,9,8,8,1,4,0.111111111,0.166666667,1
45,0,1,1,1,1,1,1,8,8,1,8,8,8,8,1,0.125,1.015625,1
48,1,1,1,0.5,0.5,0.5,1,0,1,1,1,1,1,1,2,1,3,0
51,1,1,1,0.5,0.5,0.5,1,0,1,1,1,1,1,1,2,1,3,0
58,2,1,1,0.5,0.5,0.5,1,0,1,1,2,1,1,1,3,0.5,2,0
59,2,1,1,0.25,0.25,0.5,0.5,0,2,1,2,1,1,1,3,0.5,2,0
60,2,1,1,0.25,0.25,0.5,0.5,0,2,1,2,1,1,1,3,0.5,2,0
64,3,1,1,0.5,0.5,0.5,1,0,1,1,2,1,1,1,3,0.5,2,0
65,3,1,1,0.25,0.25,0.5,0.5,0,2,1,2,1,1,1,3,0.5,2,0
72,4,1,1,0.5,0.5,0.5,1,0,1,1,3,1,1,1,4,0.333333333,1.666666667,0
73,4,1,1,0.25,0.25,0.5,0.5,0,1,1,3,1,1,1,4,0.333333333,1.666666667,0
74,4,1,1,0.125,0.125,0.5,0.25,0,1,1,3,1,1,1,4,0.333333333,1.666666667,0
80,5,1,1,0.5,0.5,0.5,1,0,1,1,1,1,1,1,2,1,3,0
81,5,1,1,0.5,0.5,0.5,1,0,1,1,1,1,1,1,2,1,3,0
97,6,1,1,0.5,0.5,0.5,1,0,1,1,1,1,1,1,2,1,3,0
98,6,1,1,0.5,0.5,0.5,1,0,1,1,1,1,1,1,2,1,3,0
106,7,1,1,0.0625,0.0625,0.9375,0.066666667,0,4,1,5,4,4,1,4,0.2,0.4,0
107,7,0.0625,0.5,0.03125,0.001953125,0.9375,0.033333333,0,1,1,5,1,4,1,4,0.05,0.25,0
109,7,0.0625,0.5,0.03125,0.001953125,0.9375,0.033333333,0,1,1,5,1,4,1,4,0.05,0.25,0
110,7,1,15,0.9375,0.9375,0.9375,1,0,4,1,5,4,4,1,4,0.2,0.4,0
118,8,1,1,0.0625,0.0625,0.9375,0.066666667,0,4,1,8,4,4,4,4,0.125,0.625,0
119,8,0.0625,0.0625,0.00390625,0.000244141,0.9375,0.004166667,0,4,1,8,4,4,4,4,0.125,0.625,0
121,8,0.0625,0.9375,0.05859375,0.003662109,0.9375,0.0625,0,4,1,8,4,4,4,4,0.125,0.625,0
123,8,1,15,0.9375,0.9375,0.9375,1,0,4,1,8,4,4,4,4,0.125,0.625,0
158,9,1,1,0.5,0.5,0.5,1,0,1,1,1,1,1,1,2,1,3,0
159,9,1,1,0.5,0.5,0.5,1,0,1,1,1,1,1,1,2,1,3,0
50,1,1,1,0.5,0.5,0.5,1,0,1,1,2,1,1,1,3,0.5,2,0
51,1,1,1,0.25,0.25,0.5,0.5,0,1,1,2,1,1,1,3,0.5,2,0
52,1,1,1,0.25,0.25,0.5,0.5,0,1,1,2,1,1,1,3,0.5,2,0
57,2,1,1,0.5,0.5,0.5,1,0,1,1,3,1,1,1,5,0.333333333,2,0
58,2,1,1,0.5,0.5,0.5,1,0,1,1,3,1,1,1,5,0.333333333,2,0
59,2,0.5,2,0.25,0.125,0.5,0.5,0,1,1,3,1,1,1,5,0.333333333,2,0
60,2,0.5,1,0.125,0.0625,0.5,0.25,0,1,1,3,1,1,1,5,0.333333333,2,0
63,2,0.5,1,0.125,0.0625,0.5,0.25,0,1,1,3,1,1,1,5,0.333333333,2,0
68,3,1,1,0.5,0.5,0.5,1,0,1,1,3,1,1,1,4,0.333333333,1.666666667,0
69,3,1,2,0.25,0.25,0.5,0.5,0,1,1,3,1,1,1,4,0.333333333,1.666666667,0
70,3,1,1,0.125,0.125,0.5,0.25,0,1,1,3,1,1,1,4,0.333333333,1.666666667,0
74,4,1,1,0.5,0.5,0.5,1,0,1,1,1,1,1,1,2,1,3,0
75,4,1,1,0.5,0.5,0.5,1,0,1,1,1,1,1,1,2,1,3,0
94,5,1,1,0.5,0.5,0.5,1,0,1,1,1,1,1,1,2,1,3,0
101,5,1,1,0.5,0.5,0.5,1,0,1,1,1,1,1,1,2,1,3,0
112,6,1,1,0.0625,0.0625,0.9375,0.066666667,0,1,1,4,4,4,4,2,0.25,1.125,0
114,6,1,15,0.9375,0.9375,0.9375,1,0,1,1,4,4,4,4,2,0.25,1.125,0
123,7,1,1,0.0625,0.0625,0.9375,0.066666667,0,4,1,8,4,4,4,4,0.125,0.625,0
124,7,0.0625,0.0625,0.00390625,0.000244141,0.9375,0.004166667,0,4,1,8,4,4,4,4,0.125,0.625,0
126,7,0.0625,0.9375,0.05859375,0.003662109,0.9375,0.0625,0,4,1,8,4,4,4,4,0.125,0.625,0
130,7,1,15,0.9375,0.9375,0.9375,1,0,4,1,8,4,4,4,4,0.125,0.625,0
147,8,1,1,0.0625,0.0625,0.9375,0.066666667,0,1,1,4,4,4,4,2,0.25,1.125,0
150,8,1,15,0.9375,0.9375,0.9375,1,0,1,1,4,4,4,4,2,0.25,1.125,0
175,9,1,1,0.5,0.5,0.5,1,0,1,1,1,1,1,1,2,1,3,0
176,9,1,1,0.5,0.5,0.5,1,0,1,1,1,1,1,1,2,1,3,0
60,1,1,1,0.5,0.5,0.5,1,0,1,1,1,1,1,1,2,1,3,0
63,1,1,1,0.5,0.5,0.5,1,0,1,1,1,1,1,1,2,1,3,0
70,2,1,1,0.5,0.5,0.5,1,0,1,1,1,1,1,1,2,1,3,0
73,2,1,1,0.5,0.5,0.5,1,0,1,1,1,1,1,1,2,1,3,0
48,1,1,1,0.5,0.5,0.5,1,0,1,1,1,1,1,1,2,1,3,0
51,1,1,1,0.5,0.5,0.5,1,0,1,1,1,1,1,1,2,1,3,0
58,2,1,1,0.5,0.5,0.5,1,0,1,1,2,1,1,1,3,0.5,2,0
59,2,1,1,0.25,0.25,0.5,0.5,0,2,1,2,1,1,1,3,0.5,2,0
60,2,1,1,0.25,0.25,0.5,0.5,0,2,1,2,1,1,1,3,0.5,2,0
64,3,1,1,0.5,0.5,0.5,1,0,1,1,2,1,1,1,3,0.5,2,0
65,3,1,1,0.25,0.25,0.5,0.5,0,2,1,2,1,1,1,3,0.5,2,0
72,4,1,1,0.5,0.5,0.5,1,0,1,1,3,1,1,1,4,0.333333333,1.666666667,0
73,4,1,1,0.25,0.25,0.5,0.5,0,1,1,3,1,1,1,4,0.333333333,1.666666667,0
74,4,1,1,0.125,0.125,0.5,0.25,0,1,1,3,1,1,1,4,0.333333333,1.666666667,0
80,5,1,1,0.5,0.5,0.5,1,0,1,1,1,1,1,1,2,1,3,0
81,5,1,1,0.5,0.5,0.5,1,0,1,1,1,1,1,1,2,1,3,0
97,6,1,1,0.5,0.5,0.5,1,0,1,1,1,1,1,1,2,1,3,0
98,6,1,1,0.5,0.5,0.5,1,0,1,1,1,1,1,1,2,1,3,0
106,7,1,1,0.0625,0.0625,0.9375,0.066666667,0,4,1,5,4,4,1,4,0.2,0.4,0
107,7,0.0625,0.5,0.03125,0.001953125,0.9375,0.033333333,0,1,1,5,1,4,1,4,0.05,0.25,0
108,7,0.0625,0.5,0.03125,0.001953125,0.9375,0.033333333,0,1,1,5,1,4,1,4,0.05,0.25,0
109,7,1,15,0.9375,0.9375,0.9375,1,0,4,1,5,4,4,1,4,0.2,0.4,0
117,8,1,1,0.0625,0.0625,0.9375,0.066666667,0,4,1,8,4,4,4,4,0.125,0.625,0
118,8,0.0625,0.0625,0.00390625,0.000244141,0.9375,0.004166667,0,4,1,8,4,4,4,4,0.125,0.625,0
120,8,0.0625,0.9375,0.05859375,0.003662109,0.9375,0.0625,0,4,1,8,4,4,4,4,0.125,0.625,0
123,8,1,15,0.9375,0.9375,0.9375,1,0,4,1,8,4,4,4,4,0.125,0.625,0
158,9,1,1,0.5,0.5,0.5,1,0,1,1,1,1,1,1,2,1,3,0
159,9,1,1,0.5,0.5,0.5,1,0,1,1,1,1,1,1,2,1,3,0
54,1,1,1,0.5,0.5,0.5,1,0,1,1,2,1,1,1,3,0.5,2,0
55,1,1,1,0.25,0.25,0.5,0.5,0,1,1,2,1,1,1,3,0.5,2,0
56,1,1,1,0.25,0.25,0.5,0.5,0,1,1,2,1,1,1,3,0.5,2,0
59,2,1,1,0.5,0.5,0.5,1,0,1,1,4,1,1,1,7,0.25,2,0
60,2,1,1,0.5,0.5,0.5,1,0,1,1,4,1,1,1,7,0.25,2,0
61,2,0.5,4,0.25,0.125,0.5,0.5,0,1,1,4,1,1,1,7,0.25,2,0
62,2,0.25,2,0.125,0.03125,0.5,0.25,0,1,1,4,1,1,1,7,0.25,2,0
64,2,0.25,2,0.125,0.03125,0.5,0.25,0,1,1,4,1,1,1,7,0.25,2,0
66,2,0.5,2,0.125,0.0625,0.5,0.25,0,1,1,4,1,1,1,7,0.25,2,0
69,2,0.5,2,0.125,0.0625,0.5,0.25,0,1,1,4,1,1,1,7,0.25,2,0
73,3,1,1,0.5,0.5,0.5,1,0,1,1,3,1,1,1,4,0.333333333,1.666666667,0
74,3,1,2,0.25,0.25,0.5,0.5,0,1,1,3,1,1,1,4,0.333333333,1.666666667,0
75,3,1,1,0.125,0.125,0.5,0.25,0,1,1,3,1,1,1,4,0.333333333,1.666666667,0
79,4,1,1,0.5,0.5,0.5,1,0,1,1,1,1,1,1,2,1,3,0
80,4,1,1,0.5,0.5,0.5,1,0,1,1,1,1,1,1,2,1,3,0
98,5,1,1,0.5,0.5,0.5,1,0,1,1,1,1,1,1,2,1,3,0
104,5,1,1,0.5,0.5,0.5,1,0,1,1,1,1,1,1,2,1,3,0
113,6,1,1,0.0625,0.0625,0.9375,0.066666667,0,1,1,4,4,4,4,2,0.25,1.125,0
115,6,1,15,0.9375,0.9375,0.9375,1,0,1,1,4,4,4,4,2,0.25,1.125,0
123,7,1,1,0.0625,0.0625,0.9375,0.066666667,0,4,1,8,4,4,4,4,0.125,0.625,0
124,7,0.0625,0.0625,0.00390625,0.000244141,0.9375,0.004166667,0,4,1,8,4,4,4,4,0.125,0.625,0
126,7,0.0625,0.9375,0.05859375,0.003662109,0.9375,0.0625,0,4,1,8,4,4,4,4,0.125,0.625,0
130,7,1,15,0.9375,0.9375,0.9375,1,0,4,1,8,4,4,4,4,0.125,0.625,0
145,8,1,1,0.0625,0.0625,0.9375,0.066666667,0,1,1,4,4,4,4,2,0.25,1.125,0
148,8,1,15,0.9375,0.9375,0.9375,1,0,1,1,4,4,4,4,2,0.25,1.125,0
174,9,1,1,0.5,0.5,0.5,1,0,1,1,33,1,32,1,3,0.000946970,0.003787879,1
177,9,1,1,1.164153218e-10,1.164153218e-10,0.5,2.328306437e-10,32,32,1,33,32,32,1,3,0.030303030,0.033143939,1
179,9,1,0,0.500000000,0.500000000,0.5,1.000000000,32,32,1,33,32,32,1,3,0.030303030,0.033143939,1
185,10,1,1,0.5,0.5,0.5,1,0,1,1,2,1,1,1,3,0.5,2,0
186,10,1,1,0.25,0.25,0.5,0.5,0,2,1,2,1,1,1,3,0.5,2,0
187,10,1,1,0.25,0.25,0.5,0.5,0,2,1,2,1,1,1,3,0.5,2,0
60,1,1,1,0.5,0.5,0.5,1,0,1,1,1,1,1,1,2,1,3,0
63,1,1,1,0.5,0.5,0.5,1,0,1,1,1,1,1,1,2,1,3,0
70,2,1,1,0.5,0.5,0.5,1,0,1,1,1,1,1,1,2,1,3,0
73,2,1,1,0.5,0.5,0.5,1,0,1,1,1,1,1,1,2,1,3,0
45,0,1,1,1,1,1,1,0,1,1,8,8,8,8,1,0.125,1.015625,0
48,1,1,1,0.5,0.5,0.5,1,0,1,1,1,1,1,1,2,1,3,0
51,1,1,1,0.5,0.5,0.5,1,0,1,1,1,1,1,1,2,1,3,0
58,2,1,1,0.5,0.5,0.5,1,0,1,1,2,1,1,1,3,0.5,2,0
59,2,1,1,0.25,0.25,0.5,0.5,0,2,1,2,1,1,1,3,0.5,2,0
60,2,1,1,0.25,0.25,0.5,0.5,0,2,1,2,1,1,1,3,0.5,2,0
64,3,1,1,0.5,0.5,0.5,1,0,1,1,2,1,1,1,3,0.5,2,0
65,3,1,1,0.25,0.25,0.5,0.5,0,2,1,2,1,1,1,3,0.5,2,0
72,4,1,1,0.5,0.5,0.5,1,0,1,1,3,1,1,1,4,0.333333333,1.666666667,0
73,4,1,1,0.25,0.25,0.5,0.5,0,1,1,3,1,1,1,4,0.333333333,1.666666667,0
74,4,1,1,0.125,0.125,0.5,0.25,0,1,1,3,1,1,1,4,0.333333333,1.666666667,0
80,5,1,1,0.5,0.5,0.5,1,0,1,1,1,1,1,1,2,1,3,0
81,5,1,1,0.5,0.5,0.5,1,0,1,1,1,1,1,1,2,1,3,0
97,6,1,1,0.5,0.5,0.5,1,0,1,1,1,1,1,1,2,1,3,0
98,6,1,1,0.5,0.5,0.5,1,0,1,1,1,1,1,1,2,1,3,0
106,7,1,1,0.0625,0.0625,0.9375,0.066666667,0,4,1,5,4,4,1,4,0.2,0.4,0
107,7,0.0625,0.5,0.03125,0.001953125,0.9375,0.033333333,0,1,1,5,1,4,1,4,0.05,0.25,0
108,7,0.0625,0.5,0.03125,0.001953125,0.9375,0.033333333,0,1,1,5,1,4,1,4,0.05,0.25,0
109,7,1,15,0.9375,0.9375,0.9375,1,0,4,1,5,4,4,1,4,0.2,0.4,0
118,8,1,1,0.0625,0.0625,0.9375,0.066666667,0,4,1,8,4,4,4,4,0.125,0.625,0
119,8,0.0625,0.0625,0.00390625,0.000244141,0.9375,0.004166667,0,4,1,8,4,4,4,4,0.125,0.625,0
121,8,0.0625,0.9375,0.05859375,0.003662109,0.9375,0.0625,0,4,1,8,4,4,4,4,0.125,0.625,0
124,8,1,15,0.9375,0.9375,0.9375,1,0,4,1,8,4,4,4,4,0.125,0.625,0
158,9,1,1,0.5,0.5,0.5,1,0,1,1,1,1,1,1,2,1,3,0
159,9,1,1,0.5,0.5,0.5,1,0,1,1,1,1,1,1,2,1,3,0
54,1,1,1,0.5,0.5,0.5,1,0,1,1,2,1,1,1,3,0.5,2,0
55,1,1,1,0.25,0.25,0.5,0.5,0,1,1,2,1,1,1,3,0.5,2,0
56,1,1,1,0.25,0.25,0.5,0.5,0,1,1,2,1,1,1,3,0.5,2,0
59,2,1,1,0.5,0.5,0.5,1,0,1,1,4,1,1,1,7,0.25,2,0
60,2,1,1,0.5,0.5,0.5,1,0,1,1,4,1,1,1,7,0.25,2,0
61,2,0.5,4,0.25,0.125,0.5,0.5,0,1,1,4,1,1,1,7,0.25,2,0
62,2,0.25,2,0.125,0.03125,0.5,0.25,0,1,1,4,1,1,1,7,0.25,2,0
64,2,0.25,2,0.125,0.03125,0.5,0.25,0,1,1,4,1,1,1,7,0.25,2,0
66,2,0.5,2,0.125,0.0625,0.5,0.25,0,1,1,4,1,1,1,7,0.25,2,0
69,2,0.5,2,0.125,0.0625,0.5,0.25,0,1,1,4,1,1,1,7,0.25,2,0
73,3,1,1,0.5,0.5,0.5,1,0,1,1,3,1,1,1,4,0.333333333,1.666666667,0
74,3,1,2,0.25,0.25,0.5,0.5,0,1,1,3,1,1,1,4,0.333333333,1.666666667,0
75,3,1,1,0.125,0.125,0.5,0.25,0,1,1,3,1,1,1,4,0.333333333,1.666666667,0
79,4,1,1,0.5,0.5,0.5,1,0,1,1,1,1,1,1,2,1,3,0
80,4,1,1,0.5,0.5,0.5,1,0,1,1,1,1,1,1,2,1,3,0
98,5,1,1,0.5,0.5,0.5,1,0,1,1,1,1,1,1,2,1,3,0
104,5,1,1,0.5,0.5,0.5,1,0,1,1,1,1,1,1,2,1,3,0
113,6,1,1,0.0625,0.0625,0.9375,0.066666667,0,1,1,4,4,4,4,2,0.25,1.125,0
115,6,1,15,0.9375,0.9375,0.9375,1,0,1,1,4,4,4,4,2,0.25,1.125,0
123,7,1,1,0.0625,0.0625,0.9375,0.066666667,0,4,1,8,4,4,4,4,0.125,0.625,0
124,7,0.0625,0.0625,0.00390625,0.000244141,0.9375,0.004166667,0,4,1,8,4,4,4,4,0.125,0.625,0
126,7,0.0625,0.9375,0.05859375,0.003662109,0.9375,0.0625,0,4,1,8,4,4,4,4,0.125,0.625,0
130,7,1,15,0.9375,0.9375,0.9375,1,0,4,1,8,4,4,4,4,0.125,0.625,0
146,8,1,1,0.0625,0.0625,0.9375,0.066666667,0,1,1,4,4,4,4,2,0.25,1.125,0
149,8,1,15,0.9375,0.9375,0.9375,1,0,1,1,4,4,4,4,2,0.25,1.125,0
174,9,1,1,0.5,0.5,0.5,1,0,1,1,4,1,3,1,3,0.083333333,0.333333333,1
175,9,1,8,0.0625,0.0625,0.4375,0.142857143,0,3,1,4,3,3,1,3,0.25,0.5,1
183-210,10,1,1,0.00390625,0.00390625,0.99609375,0.003921569,0,8,1,8,8,8,8,2,0.125,1.03125,1
183-210,10,1,255,0.99609375,0.99609375,0.99609375,1,0,8,1,8,8,8,8,2,0.125,1.03125,1
218,11,1,1,0.5,0.5,0.5,1,0,1,1,2,1,1,1,4,0.5,2.5,0
219,11,1,1,0.5,0.5,0.5,1,0,2,1,2,1,1,1,4,0.5,2.5,0
220,11,1,1,0.25,0.25,0.5,0.5,0,2,1,2,1,1,1,4,0.5,2.5,0
222,11,1,1,0.25,0.25,0.5,0.5,0,1,1,2,1,1,1,4,0.5,2.5,0
60,1,1,1,0.5,0.5,0.5,1,0,1,1,1,1,1,1,2,1,3,0
63,1,1,1,0.5,0.5,0.5,1,0,1,1,1,1,1,1,2,1,3,0
70,2,1,1,0.5,0.5,0.5,1,0,1,1,1,1,1,1,2,1,3,0
73,2,1,1,0.5,0.5,0.5,1,0,1,1,1,1,1,1,2,1,3,0
45,0,1,1,1,1,1,1,0,1,1,8,8,8,8,1,0.125,1.015625,0
48,1,1,1,0.5,0.5,0.5,1,0,1,1,1,1,1,1,2,1,3,0
51,1,1,1,0.5,0.5,0.5,1,0,1,1,1,1,1,1,2,1,3,0
58,2,1,1,0.5,0.5,0.5,1,0,1,1,2,1,1,1,3,0.5,2,0
59,2,1,1,0.25,0.25,0.5,0.5,0,2,1,2,1,1,1,3,0.5,2,0
60,2,1,1,0.25,0.25,0.5,0.5,0,2,1,2,1,1,1,3,0.5,2,0
64,3,1,1,0.5,0.5,0.5,1,0,1,1,2,1,1,1,3,0.5,2,0
65,3,1,1,0.25,0.25,0.5,0.5,0,2,1,2,1,1,1,3,0.5,2,0
72,4,1,1,0.5,0.5,0.5,1,0,1,1,3,1,1,1,4,0.333333333,1.666666667,0
73,4,1,1,0.25,0.25,0.5,0.5,0,1,1,3,1,1,1,4,0.333333333,1.666666667,0
74,4,1,1,0.125,0.125,0.5,0.25,0,1,1,3,1,1,1,4,0.333333333,1.666666667,0
80,5,1,1,0.5,0.5,0.5,1,0,1,1,1,1,1,1,2,1,3,0
81,5,1,1,0.5,0.5,0.5,1,0,1,1,1,1,1,1,2,1,3,0
97,6,1,1,0.5,0.5,0.5,1,0,1,1,1,1,1,1,2,1,3,0
98,6,1,1,0.5,0.5,0.5,1,0,1,1,1,1,1,1,2,1,3,0
106,7,1,1,0.0625,0.0625,0.9375,0.066666667,0,4,1,5,4,4,1,4,0.2,0.4,0
107,7,0.0625,0.5,0.03125,0.001953125,0.9375,0.033333333,0,1,1,5,1,4,1,4,0.05,0.25,0
108,7,0.0625,0.5,0.03125,0.001953125,0.9375,0.033333333,0,1,1,5,1,4,1,4,0.05,0.25,0
109,7,1,15,0.9375,0.9375,0.9375,1,0,4,1,5,4,4,1,4,0.2,0.4,0
118,8,1,1,0.0625,0.0625,0.9375,0.066666667,0,4,1,8,4,4,4,4,0.125,0.625,0
119,8,0.0625,0.0625,0.00390625,0.000244141,0.9375,0.004166667,0,4,1,8,4,4,4,4,0.125,0.625,0
121,8,0.0625,0.9375,0.05859375,0.003662109,0.9375,0.0625,0,4,1,8,4,4,4,4,0.125,0.625,0
124,8,1,15,0.9375,0.9375,0.9375,1,0,4,1,8,4,4,4,4,0.125,0.625,0
158,9,1,1,0.5,0.5,0.5,1,0,1,1,1,1,1,1,2,1,3,0
159,9,1,1,0.5,0.5,0.5,1,0,1,1,1,1,1,1,2,1,3,0
54,1,1,1,0.5,0.5,0.5,1,0,1,1,2,1,1,1,3,0.5,2,0
55,1,1,1,0.25,0.25,0.5,0.5,0,1,1,2,1,1,1,3,0.5,2,0
56,1,1,1,0.25,0.25,0.5,0.5,0,1,1,2,1,1,1,3,0.5,2,0
59,2,1,1,0.5,0.5,0.5,1,0,1,1,4,1,1,1,7,0.25,2,0
60,2,1,1,0.5,0.5,0.5,1,0,1,1,4,1,1,1,7,0.25,2,0
61,2,0.5,4,0.25,0.125,0.5,0.5,0,1,1,4,1,1,1,7,0.25,2,0
62,2,0.25,2,0.125,0.03125,0.5,0.25,0,1,1,4,1,1,1,7,0.25,2,0
64,2,0.25,2,0.125,0.03125,0.5,0.25,0,1,1,4,1,1,1,7,0.25,2,0
66,2,0.5,2,0.125,0.0625,0.5,0.25,0,1,1,4,1,1,1,7,0.25,2,0
69,2,0.5,2,0.125,0.0625,0.5,0.25,0,1,1,4,1,1,1,7,0.25,2,0
73,3,1,1,0.5,0.5,0.5,1,0,1,1,3,1,1,1,4,0.333333333,1.666666667,0
74,3,1,2,0.25,0.25,0.5,0.5,0,1,1,3,1,1,1,4,0.333333333,1.666666667,0
75,3,1,1,0.125,0.125,0.5,0.25,0,1,1,3,1,1,1,4,0.333333333,1.666666667,0
79,4,1,1,0.5,0.5,0.5,1,0,1,1,1,1,1,1,2,1,3,0
80,4,1,1,0.5,0.5,0.5,1,0,1,1,1,1,1,1,2,1,3,0
98,5,1,1,0.5,0.5,0.5,1,0,1,1,1,1,1,1,2,1,3,0
104,5,1,1,0.5,0.5,0.5,1,0,1,1,1,1,1,1,2,1,3,0
113,6,1,1,0.0625,0.0625,0.9375,0.066666667,0,1,1,4,4,4,4,2,0.25,1.125,0
115,6,1,15,0.9375,0.9375,0.9375,1,0,1,1,4,4,4,4,2,0.25,1.125,0
123,7,1,1,0.0625,0.0625,0.9375,0.066666667,0,4,1,8,4,4,4,4,0.125,0.625,0
124,7,0.0625,0.0625,0.00390625,0.000244141,0.9375,0.004166667,0,4,1,8,4,4,4,4,0.125,0.625,0
126,7,0.0625,0.9375,0.05859375,0.003662109,0.9375,0.0625,0,4,1,8,4,4,4,4,0.125,0.625,0
130,7,1,15,0.9375,0.9375,0.9375,1,0,4,1,8,4,4,4,4,0.125,0.625,0
146,8,1,1,0.0625,0.0625,0.9375,0.066666667,0,1,1,4,4,4,4,2,0.25,1.125,0
149,8,1,15,0.9375,0.9375,0.9375,1,0,1,1,4,4,4,4,2,0.25,1.125,0
174,9,1,1,0.5,0.5,0.5,1,0,1,1,4,1,3,1,3,0.083333333,0.333333333,1
175,9,1,8,0.0625,0.0625,0.4375,0.142857143,0,3,1,4,3,3,1,3,0.25,0.5,1
183-210,10,1,1,0.00390625,0.00390625,0.99609375,0.003921569,0,8,1,8,8,8,8,2,0.125,1.03125,1
183-210,10,1,255,0.99609375,0.99609375,0.99609375,1,0,8,1,8,8,8,8,2,0.125,1.03125,1
185,10,1,1,0.5,0.5,0.5,1,0,1,1,2,1,1,1,3,0.5,2,0
186,10,1,1,0.25,0.25,0.5,0.5,0,2,1,2,1,1,1,3,0.5,2,0
187,10,1,1,0.25,0.25,0.5,0.5,0,2,1,2,1,1,1,3,0.5,2,0
64,1,1,1,0.5,0.5,0.5,1,0,1,1,1,1,1,1,2,1,3,0
68,1,1,1,0.5,0.5,0.5,1,0,1,1,1,1,1,1,2,1,3,0
75,2,1,1,0.5,0.5,0.5,1,0,1,1,1,1,1,1,2,1,3,0
78,2,1,1,0.5,0.5,0.5,1,0,1,1,1,1,1,1,2,1,3,0
51,0,1,1,1,1,1,1,0,1,1,23,1,8,1,5,0.005434783,0.032608696,1
54,0,1,1,1,1,1,1,0,1,1,23,8,8,1,5,0.043478261,0.070652174,1
55,0,1,1,1,1,1,1,0,1,1,23,8,8,1,5,0.043478261,0.070652174,1
56,0,1,1,1,1,1,1,0,1,1,23,3,8,1,5,0.016304348,0.043478261,1
58,0,1,1,1,1,1,1,0,1,1,23,3,8,1,5,0.016304348,0.043478261,1
63,1,1,1,0.5,0.5,0.5,1,0,1,1,1,1,1,1,2,1,3,0
66,1,1,1,0.5,0.5,0.5,1,0,1,1,1,1,1,1,2,1,3,0
73,2,1,1,0.5,0.5,0.5,1,0,1,1,2,1,1,1,3,0.5,2,0
74,2,1,1,0.25,0.25,0.5,0.5,0,2,1,2,1,1,1,3,0.5,2,0
75,2,1,1,0.25,0.25,0.5,0.5,0,2,1,2,1,1,1,3,0.5,2,0
79,3,1,1,0.5,0.5,0.5,1,0,1,1,2,1,1,1,3,0.5,2,0
80,3,1,1,0.25,0.25,0.5,0.5,0,2,1,2,1,1,1,3,0.5,2,0
87,4,1,1,0.5,0.5,0.5,1,0,1,1,3,1,1,1,4,0.333333333,1.666666667,0
88,4,1,1,0.25,0.25,0.5,0.5,0,1,1,3,1,1,1,4,0.333333333,1.666666667,0
89,4,1,1,0.125,0.125,0.5,0.25,0,1,1,3,1,1,1,4,0.333333333,1.666666667,0
95,5,1,1,0.5,0.5,0.5,1,0,1,1,1,1,1,1,2,1,3,0
96,5,1,1,0.5,0.5,0.5,1,0,1,1,1,1,1,1,2,1,3,0
112,6,1,1,0.5,0.5,0.5,1,0,1,1,1,1,1,1,2,1,3,0
113,6,1,1,0.5,0.5,0.5,1,0,1,1,1,1,1,1,2,1,3,0
121,7,1,1,0.0625,0.0625,0.9375,0.066666667,0,4,1,5,4,4,1,4,0.2,0.4,1
122,7,0.0625,0.5,0.03125,0.001953125,0.9375,0.033333333,0,1,1,5,1,4,1,4,0.05,0.25,1
123,7,0.0625,0.5,0.03125,0.001953125,0.9375,0.033333333,0,1,1,5,1,4,1,4,0.05,0.25,1
124,7,1,15,0.9375,0.9375,0.9375,1,0,4,1,5,4,4,1,4,0.2,0.4,1
132,8,1,1,0.0625,0.0625,0.9375,0.066666667,0,4,1,8,4,4,4,4,0.125,0.625,1
133,8,0.0625,0.0625,0.00390625,0.000244141,0.9375,0.004166667,0,4,1,8,4,4,4,4,0.125,0.625,1
135,8,0.0625,0.9375,0.05859375,0.003662109,0.9375,0.0625,0,4,1,8,4,4,4,4,0.125,0.625,1
138,8,1,15,0.9375,0.9375,0.9375,1,0,4,1,8,4,4,4,4,0.125,0.625,1
173,9,1,1,0.5,0.5,0.5,1,0,1,1,1,1,1,1,2,1,3,0
174,9,1,1,0.5,0.5,0.5,1,0,1,1,1,1,1,1,2,1,3,0
50,1,1,1,0.5,0.5,0.5,1,0,1,1,2,1,1,1,3,0.5,2,0
51,1,1,1,0.25,0.25,0.5,0.5,0,1,1,2,1,1,1,3,0.5,2,0
52,1,1,1,0.25,0.25,0.5,0.5,0,1,1,2,1,1,1,3,0.5,2,0
57,2,1,1,0.5,0.5,0.5,1,0,1,1,3,1,1,1,5,0.333333333,2,0
58,2,1,1,0.5,0.5,0.5,1,0,1,1,3,1,1,1,5,0.333333333,2,0
59,2,0.5,2,0.25,0.125,0.5,0.5,0,1,1,3,1,1,1,5,0.333333333,2,0
60,2,0.5,1,0.125,0.0625,0.5,0.25,0,1,1,3,1,1,1,5,0.333333333,2,0
63,2,0.5,1,0.125,0.0625,0.5,0.25,0,1,1,3,1,1,1,5,0.333333333,2,0
68,3,1,1,0.5,0.5,0.5,1,0,1,1,3,1,1,1,4,0.333333333,1.666666667,0
69,3,1,2,0.25,0.25,0.5,0.5,0,1,1,3,1,1,1,4,0.333333333,1.666666667,0
70,3,1,1,0.125,0.125,0.5,0.25,0,1,1,3,1,1,1,4,0.333333333,1.666666667,0
75,4,1,1,0.5,0.5,0.5,1,0,1,1,1,1,1,1,2,1,3,0
76,4,1,1,0.5,0.5,0.5,1,0,1,1,1,1,1,1,2,1,3,0
94,5,1,1,0.5,0.5,0.5,1,0,1,1,1,1,1,1,2,1,3,0
100,5,1,1,0.5,0.5,0.5,1,0,1,1,1,1,1,1,2,1,3,0
112,6,1,1,0.0625,0.0625,0.9375,0.066666667,0,1,1,4,4,4,4,2,0.25,1.125,1
114,6,1,15,0.9375,0.9375,0.9375,1,0,1,1,4,4,4,4,2,0.25,1.125,1
123,7,1,1,0.0625,0.0625,0.9375,0.066666667,0,4,1,8,4,4,4,4,0.125,0.625,1
124,7,0.0625,0.0625,0.00390625,0.000244141,0.9375,0.004166667,0,4,1,8,4,4,4,4,0.125,0.625,1
126,7,0.0625,0.9375,0.05859375,0.003662109,0.9375,0.0625,0,4,1,8,4,4,4,4,0.125,0.625,1
130,7,1,15,0.9375,0.9375,0.9375,1,0,4,1,8,4,4,4,4,0.125,0.625,1
147,8,1,1,0.0625,0.0625,0.9375,0.066666667,0,1,1,4,4,4,4,2,0.25,1.125,1
150,8,1,15,0.9375,0.9375,0.9375,1,0,1,1,4,4,4,4,2,0.25,1.125,1
175,9,1,1,0.5,0.5,0.5,1,0,1,1,1,1,1,1,2,1,3,0
176,9,1,1,0.5,0.5,0.5,1,0,1,1,1,1,1,1,2,1,3,0
60,1,1,1,0.5,0.5,0.5,1,0,1,1,1,1,1,1,2,1,3,0
63,1,1,1,0.5,0.5,0.5,1,0,1,1,1,1,1,1,2,1,3,0
70,2,1,1,0.5,0.5,0.5,1,0,1,1,1,1,1,1,2,1,3,0
73,2,1,1,0.5,0.5,0.5,1,0,1,1,1,1,1,1,2,1,3,0
45,0,1,1,1,1,1,1,0,1,1,8,8,8,8,1,0.125,1.015625,0
48,1,1,1,0.5,0.5,0.5,1,0,1,1,1,1,1,1,2,1,3,0
51,1,1,1,0.5,0.5,0.5,1,0,1,1,1,1,1,1,2,1,3,0
58,2,1,1,0.5,0.5,0.5,1,0,1,1,2,1,1,1,3,0.5,2,0
59,2,1,1,0.25,0.25,0.5,0.5,0,2,1,2,1,1,1,3,0.5,2,0
60,2,1,1,0.25,0.25,0.5,0.5,0,2,1,2,1,1,1,3,0.5,2,0
64,3,1,1,0.5,0.5,0.5,1,0,1,1,2,1,1,1,3,0.5,2,0
65,3,1,1,0.25,0.25,0.5,0.5,0,2,1,2,1,1,1,3,0.5,2,0
72,4,1,1,0.5,0.5,0.5,1,0,1,1,3,1,1,1,4,0.333333333,1.666666667,0
73,4,1,1,0.25,0.25,0.5,0.5,0,1,1,3,1,1,1,4,0.333333333,1.666666667,0
74,4,1,1,0.125,0.125,0.5,0.25,0,1,1,3,1,1,1,4,0.333333333,1.666666667,0
80,5,1,1,0.5,0.5,0.5,1,0,1,1,1,1,1,1,2,1,3,0
81,5,1,1,0.5,0.5,0.5,1,0,1,1,1,1,1,1,2,1,3,0
97,6,1,1,0.5,0.5,0.5,1,0,1,1,1,1,1,1,2,1,3,0
98,6,1,1,0.5,0.5,0.5,1,0,1,1,1,1,1,1,2,1,3,0
106,7,1,1,0.0625,0.0625,0.9375,0.066666667,0,4,1,5,4,4,1,4,0.2,0.4,0
107,7,0.0625,0.5,0.03125,0.001953125,0.9375,0.033333333,0,1,1,5,1,4,1,4,0.05,0.25,0
108,7,0.0625,0.5,0.03125,0.001953125,0.9375,0.033333333,0,1,1,5,1,4,1,4,0.05,0.25,0
109,7,1,15,0.9375,0.9375,0.9375,1,0,4,1,5,4,4,1,4,0.2,0.4,0
118,8,1,1,0.0625,0.0625,0.9375,0.066666667,0,4,1,8,4,4,4,4,0.125,0.625,0
119,8,0.0625,0.0625,0.00390625,0.000244141,0.9375,0.004166667,0,4,1,8,4,4,4,4,0.125,0.625,0
121,8,0.0625,0.9375,0.05859375,0.003662109,0.9375,0.0625,0,4,1,8,4,4,4,4,0.125,0.625,0
124,8,1,15,0.9375,0.9375,0.9375,1,0,4,1,8,4,4,4,4,0.125,0.625,0
158,9,1,1,0.5,0.5,0.5,1,0,1,1,1,1,1,1,2,1,3,0
159,9,1,1,0.5,0.5,0.5,1,0,1,1,1,1,1,1,2,1,3,0
54,1,1,1,0.5,0.5,0.5,1,0,1,1,2,1,1,1,3,0.5,2,0
55,1,1,1,0.25,0.25,0.5,0.5,0,1,1,2,1,1,1,3,0.5,2,0
56,1,1,1,0.25,0.25,0.5,0.5,0,1,1,2,1,1,1,3,0.5,2,0
59,2,1,1,0.5,0.5,0.5,1,0,1,1,3,1,1,1,5,0.333333333,2,0
60,2,1,1,0.5,0.5,0.5,1,0,1,1,3,1,1,1,5,0.333333333,2,0
61,2,0.5,4,0.5,0.25,0.5,1,0,1,1,3,1,1,1,5,0.333333333,2,0
62,2,0.25,2,0.25,0.0625,0.5,0.5,0,1,1,3,1,1,1,5,0.333333333,2,0
64,2,0.25,2,0.25,0.0625,0.5,0.5,0,1,1,3,1,1,1,5,0.333333333,2,0
73,3,1,1,0.5,0.5,0.5,1,0,1,1,3,1,1,1,4,0.333333333,1.666666667,0
74,3,1,2,0.25,0.25,0.5,0.5,0,1,1,3,1,1,1,4,0.333333333,1.666666667,0
75,3,1,1,0.125,0.125,0.5,0.25,0,1,1,3,1,1,1,4,0.333333333,1.666666667,0
79,4,1,1,0.5,0.5,0.5,1,0,1,1,1,1,1,1,2,1,3,0
80,4,1,1,0.5,0.5,0.5,1,0,1,1,1,1,1,1,2,1,3,0
98,5,1,1,0.5,0.5,0.5,1,0,1,1,1,1,1,1,2,1,3,0
104,5,1,1,0.5,0.5,0.5,1,0,1,1,1,1,1,1,2,1,3,0
113,6,1,1,0.5,0.5,0.5,1,0,1,1,5,1,4,1,4,0.05,0.25,0
116,6,1,1,0.5,0.5,0.5,1,0,1,1,5,1,4,1,4,0.05,0.25,0
118,6,1,1,0.0625,0.0625,0.9375,0.066666667,0,4,1,5,4,4,1,4,0.2,0.4,0
120,6,1,15,0.9375,0.9375,0.9375,1,0,4,1,5,4,4,1,4,0.2,0.4,0
128,7,1,1,0.5,0.5,0.5,1,0,1,1,1,1,1,1,2,1,3,0
133,7,1,1,0.5,0.5,0.5,1,0,1,1,1,1,1,1,2,1,3,0
139,8,1,1,0.0625,0.0625,0.9375,0.066666667,0,4,1,8,4,4,4,4,0.125,0.625,0
140,8,0.0625,0.0625,0.00390625,0.000244141,0.9375,0.004166667,0,4,1,8,4,4,4,4,0.125,0.625,0
142,8,0.0625,0.9375,0.05859375,0.003662109,0.9375,0.0625,0,4,1,8,4,4,4,4,0.125,0.625,0
146,8,1,15,0.9375,0.9375,0.9375,1,0,4,1,8,4,4,4,4,0.125,0.625,0
163,9,1,1,0.0625,0.0625,0.9375,0.066666667,0,1,1,4,4,4,4,2,0.25,1.125,0
166,9,1,15,0.9375,0.9375,0.9375,1,0,1,1,4,4,4,4,2,0.25,1.125,0
189,10,1,1,0.5,0.5,0.5,1,0,1,1,4,1,3,1,3,0.083333333,0.333333333,1
190,10,1,8,0.0625,0.0625,0.4375,0.142857143,0,3,1,4,3,3,1,3,0.25,0.5,1
194-255,11,1,1,0.00390625,0.00390625,0.99609375,0.003921569,0,8,1,8,8,8,8,2,0.125,1.03125,1
194-255,11,1,255,0.99609375,0.99609375,0.99609375,1,0,8,1,8,8,8,8,2,0.125,1.03125,1
236,12,1,1,0.5,0.5,0.5,1,0,1,1,2,1,1,1,2,0.5,1.5,0
237,12,1,1,0.5,0.5,0.5,1,0,2,1,2,1,1,1,2,0.5,1.5,0
71,1,1,1,0.5,0.5,0.5,1,0,1,1,1,1,1,1,2,1,3,0
74,1,1,1,0.5,0.5,0.5,1,0,1,1,1,1,1,1,2,1,3,0
81,2,1,1,0.5,0.5,0.5,1,0,1,1,1,1,1,1,2,1,3,0
84,2,1,1,0.5,0.5,0.5,1,0,1,1,1,1,1,1,2,1,3,0
45,0,1,1,1,1,1,1,0,1,1,8,8,8,8,1,0.125,1.015625,0
48,1,1,1,0.5,0.5,0.5,1,0,1,1,1,1,1,1,2,1,3,0
51,1,1,1,0.5,0.5,0.5,1,0,1,1,1,1,1,1,2,1,3,0
58,2,1,1,0.5,0.5,0.5,1,0,1,1,2,1,1,1,3,0.5,2,0
59,2,1,1,0.25,0.25,0.5,0.5,0,2,1,2,1,1,1,3,0.5,2,0
60,2,1,1,0.25,0.25,0.5,0.5,0,2,1,2,1,1,1,3,0.5,2,0
64,3,1,1,0.5,0.5,0.5,1,0,1,1,2,1,1,1,3,0.5,2,0
65,3,1,1,0.25,0.25,0.5,0.5,0,2,1,2,1,1,1,3,0.5,2,0
72,4,1,1,0.5,0.5,0.5,1,0,1,1,3,1,1,1,4,0.333333333,1.666666667,0
73,4,1,1,0.25,0.25,0.5,0.5,0,1,1,3,1,1,1,4,0.333333333,1.666666667,0
74,4,1,1,0.125,0.125,0.5,0.25,0,1,1,3,1,1,1,4,0.333333333,1.666666667,0
80,5,1,1,0.5,0.5,0.5,1,0,1,1,1,1,1,1,2,1,3,0
81,5,1,1,0.5,0.5,0.5,1,0,1,1,1,1,1,1,2,1,3,0
97,6,1,1,0.5,0.5,0.5,1,0,1,1,1,1,1,1,2,1,3,0
98,6,1,1,0.5,0.5,0.5,1,0,1,1,1,1,1,1,2,1,3,0
106,7,1,1,0.0625,0.0625,0.9375,0.066666667,0,4,1,5,4,4,1,4,0.2,0.4,0
107,7,0.0625,0.5,0.03125,0.001953125,0.9375,0.033333333,0,1,1,5,1,4,1,4,0.05,0.25,0
108,7,0.0625,0.5,0.03125,0.001953125,0.9375,0.033333333,0,1,1,5,1,4,1,4,0.05,0.25,0
109,7,1,15,0.9375,0.9375,0.9375,1,0,4,1,5,4,4,1,4,0.2,0.4,0
118,8,1,1,0.0625,0.0625,0.9375,0.066666667,0,4,1,8,4,4,4,4,0.125,0.625,0
119,8,0.0625,0.0625,0.00390625,0.000244141,0.9375,0.004166667,0,4,1,8,4,4,4,4,0.125,0.625,0
121,8,0.0625,0.9375,0.05859375,0.003662109,0.9375,0.0625,0,4,1,8,4,4,4,4,0.125,0.625,0
124,8,1,15,0.9375,0.9375,0.9375,1,0,4,1,8,4,4,4,4,0.125,0.625,0
158,9,1,1,0.5,0.5,0.5,1,0,1,1,1,1,1,1,2,1,3,0
159,9,1,1,0.5,0.5,0.5,1,0,1,1,1,1,1,1,2,1,3,0
54,1,1,1,0.5,0.5,0.5,1,0,1,1,2,1,1,1,3,0.5,2,0
55,1,1,1,0.25,0.25,0.5,0.5,0,1,1,2,1,1,1,3,0.5,2,0
56,1,1,1,0.25,0.25,0.5,0.5,0,1,1,2,1,1,1,3,0.5,2,0
59,2,1,1,0.5,0.5,0.5,1,0,1,1,3,1,1,1,5,0.333333333,2,0
60,2,1,1,0.5,0.5,0.5,1,0,1,1,3,1,1,1,5,0.333333333,2,0
61,2,0.5,4,0.5,0.25,0.5,1,0,1,1,3,1,1,1,5,0.333333333,2,0
62,2,0.25,2,0.25,0.0625,0.5,0.5,0,1,1,3,1,1,1,5,0.333333333,2,0
65,2,0.25,2,0.25,0.0625,0.5,0.5,0,1,1,3,1,1,1,5,0.333333333,2,0
73,3,1,1,0.5,0.5,0.5,1,0,1,1,3,1,1,1,4,0.333333333,1.666666667,0
74,3,1,2,0.25,0.25,0.5,0.5,0,1,1,3,1,1,1,4,0.333333333,1.666666667,0
75,3,1,1,0.125,0.125,0.5,0.25,0,1,1,3,1,1,1,4,0.333333333,1.666666667,0
79,4,1,1,0.5,0.5,0.5,1,0,1,1,1,1,1,1,2,1,3,0
80,4,1,1,0.5,0.5,0.5,1,0,1,1,1,1,1,1,2,1,3,0
98,5,1,1,0.5,0.5,0.5,1,0,1,1,1,1,1,1,2,1,3,0
104,5,1,1,0.5,0.5,0.5,1,0,1,1,1,1,1,1,2,1,3,0
113,6,1,1,0.5,0.5,0.5,1,0,1,1,5,1,4,1,4,0.05,0.25,0
116,6,1,1,0.5,0.5,0.5,1,0,1,1,5,1,4,1,4,0.05,0.25,0
118,6,1,1,0.0625,0.0625,0.9375,0.066666667,0,4,1,5,4,4,1,4,0.2,0.4,0
120,6,1,15,0.9375,0.9375,0.9375,1,0,4,1,5,4,4,1,4,0.2,0.4,0
128,7,1,1,0.5,0.5,0.5,1,0,1,1,1,1,1,1,2,1,3,0
133,7,1,1,0.5,0.5,0.5,1,0,1,1,1,1,1,1,2,1,3,0
139,8,1,1,0.0625,0.0625,0.9375,0.066666667,0,4,1,8,4,4,4,4,0.125,0.625,0
140,8,0.0625,0.0625,0.00390625,0.000244141,0.9375,0.004166667,0,4,1,8,4,4,4,4,0.125,0.625,0
142,8,0.0625,0.9375,0.05859375,0.003662109,0.9375,0.0625,0,4,1,8,4,4,4,4,0.125,0.625,0
146,8,1,15,0.9375,0.9375,0.9375,1,0,4,1,8,4,4,4,4,0.125,0.625,0
163,9,1,1,0.0625,0.0625,0.9375,0.066666667,0,1,1,4,4,4,4,2,0.25,1.125,0
166,9,1,15,0.9375,0.9375,0.9375,1,0,1,1,4,4,4,4,2,0.25,1.125,0
190,10,1,1,0.5,0.5,0.5,1,0,1,1,4,1,3,1,3,0.083333333,0.333333333,1
191,10,1,8,0.0625,0.0625,0.4375,0.142857143,0,3,1,4,3,3,1,3,0.25,0.5,1
194-225,11,1,1,0.00390625,0.00390625,0.99609375,0.003921569,0,8,1,8,8,8,8,2,0.125,1.03125,1
194-225,11,1,255,0.99609375,0.99609375,0.99609375,1,0,8,1,8,8,8,8,2,0.125,1.03125,1
236,12,1,1,0.5,0.5,0.5,1,0,1,1,2,1,1,1,2,0.5,1.5,0
237,12,1,1,0.5,0.5,0.5,1,0,2,1,2,1,1,1,2,0.5,1.5,0
